HELIX, 31, 53, A
HELIX, 91, 95, A
HELIX, 123, 127, A
HELIX, 9, 28, B
HELIX, 29, 33, B
SHEET, A, 65, A, 66
SHEET, A, 71, A, 72
SHEET, A, 79, A, 84
SHEET, A, 99, A, 104
ATOM, VAL, A, 30,-17.565,-14.578,-50.227,56.75,N,N
ATOM, VAL, A, 30,-17.659,-13.263,-49.592,61.56,C,CA
ATOM, VAL, A, 30,-19.062,-12.658,-49.765,68.42,C,C
ATOM, VAL, A, 30,-19.628,-12.649,-50.865,78.47,O,O
ATOM, VAL, A, 30,-16.554,-12.295,-50.137,79.34,C,CB
ATOM, VAL, A, 30,-15.195,-12.998,-50.18,61.3,C,CG1
ATOM, VAL, A, 30,-16.914,-11.722,-51.52,66.61,C,CG2
ATOM, SER, A, 31,-19.644,-12.167,-48.675,46.07,N,N
ATOM, SER, A, 31,-20.984,-11.596,-48.742,44.75,C,CA
ATOM, SER, A, 31,-21.127,-10.598,-47.61,38.42,C,C
ATOM, SER, A, 31,-20.859,-10.94,-46.456,35.67,O,O
ATOM, SER, A, 31,-22.071,-12.674,-48.636,52.26,C,CB
ATOM, SER, A, 31,-23.274,-12.143,-48.088,43.44,O,OG
ATOM, LEU, A, 32,-21.534,-9.372,-47.936,31.44,N,N
ATOM, LEU, A, 32,-21.636,-8.363,-46.895,32.45,C,CA
ATOM, LEU, A, 32,-22.743,-8.712,-45.921,31.53,C,C
ATOM, LEU, A, 32,-22.576,-8.558,-44.71,29.82,O,O
ATOM, LEU, A, 32,-21.864,-6.978,-47.503,34.41,C,CB
ATOM, LEU, A, 32,-22.184,-5.885,-46.489,32.81,C,CG
ATOM, LEU, A, 32,-20.908,-5.515,-45.734,26.22,C,CD1
ATOM, LEU, A, 32,-22.824,-4.665,-47.152,34.9,C,CD2
ATOM, TRP, A, 33,-23.87,-9.227,-46.428,30,N,N
ATOM, TRP, A, 33,-24.983,-9.551,-45.542,34.63,C,CA
ATOM, TRP, A, 33,-24.594,-10.66,-44.581,33.72,C,C
ATOM, TRP, A, 33,-24.869,-10.574,-43.38,31.24,O,O
ATOM, TRP, A, 33,-26.226,-9.952,-46.36,43.62,C,CB
ATOM, TRP, A, 33,-27.294,-10.664,-45.551,44.92,C,CG
ATOM, TRP, A, 33,-27.429,-12.021,-45.365,46.26,C,CD1
ATOM, TRP, A, 33,-28.379,-10.055,-44.838,54.2,C,CD2
ATOM, TRP, A, 33,-28.518,-12.282,-44.564,62.85,N,NE1
ATOM, TRP, A, 33,-29.121,-11.093,-44.234,60.3,C,CE2
ATOM, TRP, A, 33,-28.794,-8.728,-44.645,70.41,C,CE3
ATOM, TRP, A, 33,-30.252,-10.843,-43.45,61.47,C,CZ2
ATOM, TRP, A, 33,-29.925,-8.483,-43.864,57.51,C,CZ3
ATOM, TRP, A, 33,-30.634,-9.535,-43.278,62.2,C,CH2
ATOM, GLU, A, 34,-23.923,-11.694,-45.096,33.88,N,N
ATOM, GLU, A, 34,-23.454,-12.785,-44.255,34.44,C,CA
ATOM, GLU, A, 34,-22.484,-12.298,-43.172,31.36,C,C
ATOM, GLU, A, 34,-22.541,-12.761,-42.023,25.67,O,O
ATOM, GLU, A, 34,-22.797,-13.855,-45.132,33.63,C,CB
ATOM, GLU, A, 34,-21.754,-14.679,-44.395,57.32,C,CG
ATOM, GLU, A, 34,-21.376,-15.97,-45.113,67.53,C,CD
ATOM, GLU, A, 34,-22.198,-16.47,-45.918,66,O,OE1
ATOM, GLU, A, 34,-20.26,-16.484,-44.854,65.01,O,OE2
ATOM, THR, A, 35,-21.58,-11.371,-43.512,22.71,N,N
ATOM, THR, A, 35,-20.628,-10.904,-42.504,26.34,C,CA
ATOM, THR, A, 35,-21.333,-10.074,-41.442,22.21,C,C
ATOM, THR, A, 35,-21.048,-10.22,-40.249,21.12,O,O
ATOM, THR, A, 35,-19.495,-10.094,-43.151,24.56,C,CB
ATOM, THR, A, 35,-18.746,-10.951,-44.024,30.07,O,OG1
ATOM, THR, A, 35,-18.552,-9.541,-42.097,22.32,C,CG2
ATOM, VAL, A, 36,-22.297,-9.242,-41.847,22.35,N,N
ATOM, VAL, A, 36,-23.058,-8.454,-40.873,21.03,C,CA
ATOM, VAL, A, 36,-23.848,-9.364,-39.925,16.97,C,C
ATOM, VAL, A, 36,-23.923,-9.102,-38.717,19.66,O,O
ATOM, VAL, A, 36,-23.978,-7.459,-41.602,23.45,C,CB
ATOM, VAL, A, 36,-25.025,-6.868,-40.619,23.25,C,CG1
ATOM, VAL, A, 36,-23.134,-6.355,-42.252,22.67,C,CG2
ATOM, GLN, A, 37,-24.498,-10.408,-40.466,20.2,N,N
ATOM, GLN, A, 37,-25.225,-11.367,-39.637,19.08,C,CA
ATOM, GLN, A, 37,-24.298,-12.105,-38.662,16.68,C,C
ATOM, GLN, A, 37,-24.655,-12.319,-37.491,16.85,O,O
ATOM, GLN, A, 37,-25.966,-12.379,-40.527,32.04,C,CB
ATOM, GLN, A, 37,-27.306,-11.873,-41.025,52.15,C,CG
ATOM, GLN, A, 37,-28.12,-11.195,-39.917,45.08,C,CD
ATOM, GLN, A, 37,-28.294,-11.752,-38.821,37.49,O,OE1
ATOM, GLN, A, 37,-28.578,-9.975,-40.182,38.89,N,NE2
ATOM, LYS, A, 38,-23.114,-12.515,-39.122,19.26,N,N
ATOM, LYS, A, 38,-22.159,-13.154,-38.201,20.06,C,CA
ATOM, LYS, A, 38,-21.712,-12.182,-37.136,15.83,C,C
ATOM, LYS, A, 38,-21.58,-12.551,-35.96,17.72,O,O
ATOM, LYS, A, 38,-20.935,-13.682,-38.961,20.07,C,CB
ATOM, LYS, A, 38,-21.194,-14.917,-39.765,23.41,C,CG
ATOM, LYS, A, 38,-19.822,-15.381,-40.356,36.04,C,CD
ATOM, LYS, A, 38,-19.754,-16.879,-40.556,53.11,C,CE
ATOM, LYS, A, 38,-20.63,-17.281,-41.672,59.61,N,NZ
ATOM, TRP, A, 39,-21.504,-10.903,-37.524,14.49,N,N
ATOM, TRP, A, 39,-21.208,-9.88,-36.529,15.58,C,CA
ATOM, TRP, A, 39,-22.344,-9.695,-35.539,13.74,C,C
ATOM, TRP, A, 39,-22.094,-9.576,-34.328,14.64,O,O
ATOM, TRP, A, 39,-20.853,-8.555,-37.212,16.52,C,CB
ATOM, TRP, A, 39,-20.644,-7.435,-36.202,18.39,C,CG
ATOM, TRP, A, 39,-19.519,-7.18,-35.489,18.38,C,CD1
ATOM, TRP, A, 39,-21.602,-6.447,-35.814,14.91,C,CD2
ATOM, TRP, A, 39,-19.704,-6.113,-34.658,18.84,N,NE1
ATOM, TRP, A, 39,-20.978,-5.629,-34.837,16.23,C,CE2
ATOM, TRP, A, 39,-22.944,-6.2,-36.165,19.64,C,CE3
ATOM, TRP, A, 39,-21.619,-4.536,-34.245,17.13,C,CZ2
ATOM, TRP, A, 39,-23.604,-5.101,-35.573,24.15,C,CZ3
ATOM, TRP, A, 39,-22.932,-4.286,-34.615,20.27,C,CH2
ATOM, ARG, A, 40,-23.614,-9.659,-36.014,16.36,N,N
ATOM, ARG, A, 40,-24.732,-9.598,-35.074,19.46,C,CA
ATOM, ARG, A, 40,-24.722,-10.77,-34.097,17.17,C,C
ATOM, ARG, A, 40,-25.026,-10.6,-32.901,15.43,O,O
ATOM, ARG, A, 40,-26.081,-9.536,-35.831,16.15,C,CB
ATOM, ARG, A, 40,-26.244,-8.171,-36.572,19.63,C,CG
ATOM, ARG, A, 40,-27.617,-8.128,-37.241,27.27,C,CD
ATOM, ARG, A, 40,-28.624,-8.315,-36.217,25.07,N,NE
ATOM, ARG, A, 40,-29.463,-9.341,-36.114,30.06,C,CZ
ATOM, ARG, A, 40,-29.489,-10.334,-37.013,24.74,N,NH1
ATOM, ARG, A, 40,-30.306,-9.356,-35.095,28.76,N,NH2
ATOM, GLU, A, 41,-24.417,-11.973,-34.595,15.14,N,N
ATOM, GLU, A, 41,-24.34,-13.15,-33.746,20.94,C,CA
ATOM, GLU, A, 41,-23.223,-13.032,-32.717,17.08,C,C
ATOM, GLU, A, 41,-23.425,-13.324,-31.515,15.2,O,O
ATOM, GLU, A, 41,-24.171,-14.405,-34.632,16.49,C,CB
ATOM, GLU, A, 41,-25.507,-14.866,-35.213,29,C,CG
ATOM, GLU, A, 41,-26.471,-15.354,-34.125,30.89,C,CD
ATOM, GLU, A, 41,-26.34,-16.524,-33.63,25.68,O,OE1
ATOM, GLU, A, 41,-27.342,-14.558,-33.739,26.27,O,OE2
ATOM, TYR, A, 42,-22.034,-12.608,-33.166,13.98,N,N
ATOM, TYR, A, 42,-20.917,-12.337,-32.251,16.84,C,CA
ATOM, TYR, A, 42,-21.275,-11.301,-31.177,15.06,C,C
ATOM, TYR, A, 42,-20.998,-11.503,-29.98,13.16,O,O
ATOM, TYR, A, 42,-19.707,-11.847,-33.068,13.69,C,CB
ATOM, TYR, A, 42,-18.464,-11.647,-32.238,15.06,C,CG
ATOM, TYR, A, 42,-18.225,-10.425,-31.581,14.76,C,CD1
ATOM, TYR, A, 42,-17.545,-12.686,-32.09,13.18,C,CD2
ATOM, TYR, A, 42,-17.074,-10.199,-30.839,18.14,C,CE1
ATOM, TYR, A, 42,-16.349,-12.489,-31.296,18.67,C,CE2
ATOM, TYR, A, 42,-16.127,-11.246,-30.705,17.35,C,CZ
ATOM, TYR, A, 42,-15.019,-11.029,-29.926,19.74,O,OH
ATOM, ARG, A, 43,-21.83,-10.155,-31.59,15.97,N,N
ATOM, ARG, A, 43,-22.383,-9.186,-30.63,15.67,C,CA
ATOM, ARG, A, 43,-23.351,-9.837,-29.635,15.2,C,C
ATOM, ARG, A, 43,-23.265,-9.615,-28.418,15.76,O,O
ATOM, ARG, A, 43,-23.109,-8.074,-31.372,16.1,C,CB
ATOM, ARG, A, 43,-23.616,-6.979,-30.408,21.65,C,CG
ATOM, ARG, A, 43,-24.199,-5.779,-31.18,21.3,C,CD
ATOM, ARG, A, 43,-25.388,-6.225,-31.931,22.43,N,NE
ATOM, ARG, A, 43,-26.132,-5.407,-32.67,23.93,C,CZ
ATOM, ARG, A, 43,-25.813,-4.116,-32.767,18.39,N,NH1
ATOM, ARG, A, 43,-27.183,-5.866,-33.296,19.36,N,NH2
ATOM, ARG, A, 44,-24.298,-10.625,-30.138,15.67,N,N
ATOM, ARG, A, 44,-25.257,-11.305,-29.245,17.27,C,CA
ATOM, ARG, A, 44,-24.555,-12.212,-28.222,15.29,C,C
ATOM, ARG, A, 44,-24.848,-12.152,-27.008,13.75,O,O
ATOM, ARG, A, 44,-26.274,-12.116,-30.073,19.65,C,CB
ATOM, ARG, A, 44,-27.396,-12.714,-29.236,19.5,C,CG
ATOM, ARG, A, 44,-28.428,-13.4,-30.088,19.23,C,CD
ATOM, ARG, A, 44,-27.923,-14.58,-30.794,15.95,N,NE
ATOM, ARG, A, 44,-27.671,-15.763,-30.24,18.02,C,CZ
ATOM, ARG, A, 44,-27.837,-15.947,-28.928,18.33,N,NH1
ATOM, ARG, A, 44,-27.185,-16.753,-31.007,17.43,N,NH2
ATOM, GLN, A, 45,-23.603,-13.044,-28.683,12.83,N,N
ATOM, GLN, A, 45,-22.828,-13.866,-27.751,16.46,C,CA
ATOM, GLN, A, 45,-22.057,-13.001,-26.744,23.14,C,C
ATOM, GLN, A, 45,-21.984,-13.335,-25.543,17.65,O,O
ATOM, GLN, A, 45,-21.872,-14.799,-28.518,16.89,C,CB
ATOM, GLN, A, 45,-22.582,-15.898,-29.421,18.61,C,CG
ATOM, GLN, A, 45,-23.467,-16.858,-28.562,19.02,C,CD
ATOM, GLN, A, 45,-23.261,-16.997,-27.36,22.97,O,OE1
ATOM, GLN, A, 45,-24.479,-17.438,-29.171,16.8,N,NE2
ATOM, CYS, A, 46,-21.479,-11.878,-27.197,16.97,N,N
ATOM, CYS, A, 46,-20.878,-10.962,-26.229,17.21,C,CA
ATOM, CYS, A, 46,-21.918,-10.461,-25.216,18.59,C,C
ATOM, CYS, A, 46,-21.691,-10.505,-24,19.39,O,O
ATOM, CYS, A, 46,-20.209,-9.769,-26.932,20.46,C,CB
ATOM, CYS, A, 46,-19.234,-8.87,-25.681,26.31,S,SG
ATOM, GLN, A, 47,-23.081,-10.005,-25.689,15.77,N,N
ATOM, GLN, A, 47,-24.085,-9.533,-24.724,19.52,C,CA
ATOM, GLN, A, 47,-24.497,-10.637,-23.724,19.52,C,C
ATOM, GLN, A, 47,-24.74,-10.348,-22.533,22.99,O,O
ATOM, GLN, A, 47,-25.28,-8.956,-25.472,20.64,C,CB
ATOM, GLN, A, 47,-24.934,-7.685,-26.252,34.52,C,CG
ATOM, GLN, A, 47,-25.989,-7.312,-27.28,34.65,C,CD
ATOM, GLN, A, 47,-26.938,-8.064,-27.505,65.54,O,OE1
ATOM, GLN, A, 47,-25.863,-6.111,-27.868,51.97,N,NE2
ATOM, ARG, A, 48,-24.507,-11.904,-24.147,21.94,N,N
ATOM, ARG, A, 48,-24.763,-12.991,-23.199,21.2,C,CA
ATOM, ARG, A, 48,-23.691,-13.046,-22.108,30.46,C,C
ATOM, ARG, A, 48,-23.992,-13.145,-20.912,24.36,O,O
ATOM, ARG, A, 48,-24.83,-14.345,-23.935,20.48,C,CB
ATOM, ARG, A, 48,-26.126,-14.575,-24.775,18.15,C,CG
ATOM, ARG, A, 48,-26.023,-15.989,-25.397,20.73,C,CD
ATOM, ARG, A, 48,-26.105,-16.992,-24.313,16.36,N,NE
ATOM, ARG, A, 48,-25.265,-18.009,-24.143,17.39,C,CZ
ATOM, ARG, A, 48,-24.247,-18.237,-24.997,19.06,N,NH1
ATOM, ARG, A, 48,-25.445,-18.807,-23.106,22.81,N,NH2
ATOM, SER, A, 49,-22.426,-13.036,-22.509,22.25,N,N
ATOM, SER, A, 49,-21.337,-13.031,-21.537,24.33,C,CA
ATOM, SER, A, 49,-21.421,-11.814,-20.633,17.33,C,C
ATOM, SER, A, 49,-21.158,-11.909,-19.432,30.58,O,O
ATOM, SER, A, 49,-19.977,-13.052,-22.257,24.24,C,CB
ATOM, SER, A, 49,-19.809,-14.231,-23.037,33.02,O,OG
ATOM, LEU, A, 50,-21.668,-10.636,-21.216,20.64,N,N
ATOM, LEU, A, 50,-21.593,-9.408,-20.429,24.14,C,CA
ATOM, LEU, A, 50,-22.593,-9.461,-19.284,44.07,C,C
ATOM, LEU, A, 50,-22.297,-9.053,-18.154,33.36,O,O
ATOM, LEU, A, 50,-21.885,-8.197,-21.307,28.08,C,CB
ATOM, LEU, A, 50,-20.811,-7.853,-22.345,25.55,C,CG
ATOM, LEU, A, 50,-21.279,-6.687,-23.158,30.7,C,CD1
ATOM, LEU, A, 50,-19.449,-7.578,-21.672,24.65,C,CD2
ATOM, THR, A, 51,-23.77,-10.018,-19.559,30.7,N,N
ATOM, THR, A, 51,-24.844,-10.065,-18.581,48.19,C,CA
ATOM, THR, A, 51,-24.704,-11.251,-17.642,43.19,C,C
ATOM, THR, A, 51,-25.001,-11.134,-16.446,47.36,O,O
ATOM, THR, A, 51,-26.165,-10.119,-19.324,37.74,C,CB
ATOM, THR, A, 51,-26.486,-8.797,-19.761,50.13,O,OG1
ATOM, THR, A, 51,-27.256,-10.672,-18.452,56.59,C,CG2
ATOM, GLU, A, 52,-24.195,-12.368,-18.148,35.13,N,N
ATOM, GLU, A, 52,-24.319,-13.621,-17.44,42.85,C,CA
ATOM, GLU, A, 52,-23.054,-14.046,-16.721,42.83,C,C
ATOM, GLU, A, 52,-23.163,-14.753,-15.717,42.45,O,O
ATOM, GLU, A, 52,-24.79,-14.729,-18.402,37.24,C,CB
ATOM, GLU, A, 52,-26.186,-14.451,-19.039,37.4,C,CG
ATOM, GLU, A, 52,-26.64,-15.567,-20.009,40.43,C,CD
ATOM, GLU, A, 52,-27.597,-15.347,-20.784,44.76,O,OE1
ATOM, GLU, A, 52,-26.034,-16.663,-20.004,41.31,O,OE2
ATOM, ASP, A, 53,-21.856,-13.633,-17.157,38.4,N,N
ATOM, ASP, A, 53,-20.666,-14.111,-16.459,42.28,C,CA
ATOM, ASP, A, 53,-20.68,-13.572,-15.024,52.08,C,C
ATOM, ASP, A, 53,-21.173,-12.461,-14.775,44.07,O,O
ATOM, ASP, A, 53,-19.352,-13.694,-17.153,40.79,C,CB
ATOM, ASP, A, 53,-19.119,-14.384,-18.514,46.69,C,CG
ATOM, ASP, A, 53,-19.686,-15.456,-18.794,34.98,O,OD1
ATOM, ASP, A, 53,-18.364,-13.822,-19.339,39.67,O,OD2
ATOM, PRO, A, 54,-20.156,-14.345,-14.062,46.47,N,N
ATOM, PRO, A, 54,-20.168,-13.893,-12.67,47.57,C,CA
ATOM, PRO, A, 54,-19.246,-12.707,-12.475,49.46,C,C
ATOM, PRO, A, 54,-18.239,-12.559,-13.19,46.1,O,O
ATOM, PRO, A, 54,-19.646,-15.118,-11.9,45.97,C,CB
ATOM, PRO, A, 54,-18.718,-15.777,-12.889,46.22,C,CG
ATOM, PRO, A, 54,-19.413,-15.613,-14.221,51.41,C,CD
ATOM, PRO, A, 55,-19.513,-11.862,-11.483,61.67,N,N
ATOM, PRO, A, 55,-18.6,-10.742,-11.179,53.45,C,CA
ATOM, PRO, A, 55,-17.235,-11.248,-10.755,48.44,C,C
ATOM, PRO, A, 55,-17.092,-12.385,-10.282,53.3,O,O
ATOM, PRO, A, 55,-19.304,-10.003,-10.03,58.8,C,CB
ATOM, PRO, A, 55,-20.273,-10.998,-9.479,69.22,C,CG
ATOM, PRO, A, 55,-20.718,-11.837,-10.641,45.84,C,CD
ATOM, PRO, A, 56,-16.193,-10.437,-10.931,57.56,N,N
ATOM, PRO, A, 56,-14.837,-10.836,-10.542,54.16,C,CA
ATOM, PRO, A, 56,-14.715,-11.021,-9.027,61.97,C,C
ATOM, PRO, A, 56,-15.465,-10.354,-8.303,49.33,O,O
ATOM, PRO, A, 56,-13.973,-9.67,-11.023,48.82,C,CB
ATOM, PRO, A, 56,-14.857,-8.879,-11.984,50.6,C,CG
ATOM, PRO, A, 56,-16.248,-9.082,-11.502,50.74,C,CD
ATOM, THR, A, 58,-12.002,-9.965,-7.091,71.56,N,N
ATOM, THR, A, 58,-11.501,-8.748,-6.447,71.99,C,CA
ATOM, THR, A, 58,-12.401,-7.534,-6.655,67.98,C,C
ATOM, THR, A, 58,-13.333,-7.557,-7.46,69.02,O,O
ATOM, THR, A, 58,-10.089,-8.365,-6.946,67.33,C,CB
ATOM, THR, A, 58,-9.781,-7.027,-6.518,77.41,O,OG1
ATOM, THR, A, 58,-10.005,-8.441,-8.468,67.2,C,CG2
ATOM, ASP, A, 59,-12.105,-6.465,-5.914,71.95,N,N
ATOM, ASP, A, 59,-12.847,-5.217,-6.043,71.3,C,CA
ATOM, ASP, A, 59,-12.381,-4.379,-7.225,61.53,C,C
ATOM, ASP, A, 59,-13.137,-3.523,-7.703,55.03,O,O
ATOM, ASP, A, 59,-12.711,-4.383,-4.761,79,C,CB
ATOM, ASP, A, 59,-13.188,-5.126,-3.517,91.35,C,CG
ATOM, ASP, A, 59,-13.555,-6.321,-3.626,79.86,O,OD1
ATOM, ASP, A, 59,-13.197,-4.507,-2.429,88.39,O,OD2
ATOM, LEU, A, 60,-11.157,-4.598,-7.699,55.97,N,N
ATOM, LEU, A, 60,-10.536,-3.74,-8.699,47.12,C,CA
ATOM, LEU, A, 60,-10.221,-4.56,-9.945,35.08,C,C
ATOM, LEU, A, 60,-9.487,-5.555,-9.876,38.22,O,O
ATOM, LEU, A, 60,-9.274,-3.091,-8.133,46.27,C,CB
ATOM, LEU, A, 60,-8.542,-2.028,-8.956,44.34,C,CG
ATOM, LEU, A, 60,-9.325,-0.735,-9.006,48.78,C,CD1
ATOM, LEU, A, 60,-7.185,-1.796,-8.356,50.68,C,CD2
ATOM, PHE, A, 61,-10.754,-4.125,-11.082,37.09,N,N
ATOM, PHE, A, 61,-10.579,-4.801,-12.361,33.89,C,CA
ATOM, PHE, A, 61,-11.041,-3.836,-13.434,28.78,C,C
ATOM, PHE, A, 61,-11.844,-2.937,-13.169,29.58,O,O
ATOM, PHE, A, 61,-11.4,-6.087,-12.434,33.76,C,CB
ATOM, PHE, A, 61,-12.824,-5.877,-12.023,38.81,C,CG
ATOM, PHE, A, 61,-13.759,-5.383,-12.929,35.98,C,CD1
ATOM, PHE, A, 61,-13.209,-6.094,-10.709,40.78,C,CD2
ATOM, PHE, A, 61,-15.07,-5.146,-12.543,43.11,C,CE1
ATOM, PHE, A, 61,-14.517,-5.864,-10.316,53.95,C,CE2
ATOM, PHE, A, 61,-15.448,-5.388,-11.234,42.84,C,CZ
ATOM, CYS, A, 62,-10.532,-4.03,-14.649,26.69,N,N
ATOM, CYS, A, 62,-11.048,-3.291,-15.802,25.62,C,CA
ATOM, CYS, A, 62,-12.323,-3.959,-16.296,26.64,C,C
ATOM, CYS, A, 62,-12.37,-5.182,-16.443,27.18,O,O
ATOM, CYS, A, 62,-10.013,-3.257,-16.932,28.13,C,CB
ATOM, CYS, A, 62,-8.457,-2.479,-16.448,27.79,S,SG
ATOM, ASN, A, 63,-13.33,-3.14,-16.621,23.94,N,N
ATOM, ASN, A, 63,-14.691,-3.636,-16.831,27.38,C,CA
ATOM, ASN, A, 63,-14.85,-4.304,-18.193,28.99,C,C
ATOM, ASN, A, 63,-14.447,-3.759,-19.231,23.22,O,O
ATOM, ASN, A, 63,-15.716,-2.493,-16.717,27.26,C,CB
ATOM, ASN, A, 63,-15.884,-1.988,-15.287,39.98,C,CG
ATOM, ASN, A, 63,-15.718,-2.729,-14.335,47.28,O,OD1
ATOM, ASN, A, 63,-16.23,-0.717,-15.145,51.06,N,ND2
ATOM, ARG, A, 64,-15.508,-5.461,-18.177,23.09,N,N
ATOM, ARG, A, 64,-15.883,-6.159,-19.395,18.11,C,CA
ATOM, ARG, A, 64,-16.631,-5.215,-20.332,17.75,C,C
ATOM, ARG, A, 64,-17.319,-4.291,-19.904,19.5,O,O
ATOM, ARG, A, 64,-16.779,-7.356,-19.011,17.85,C,CB
ATOM, ARG, A, 64,-18.167,-6.802,-18.414,27.49,C,CG
ATOM, ARG, A, 64,-19.071,-7.918,-17.822,24.81,C,CD
ATOM, ARG, A, 64,-18.428,-8.62,-16.727,21.42,N,NE
ATOM, ARG, A, 64,-18.926,-9.712,-16.141,34.65,C,CZ
ATOM, ARG, A, 64,-20.102,-10.224,-16.536,33.91,N,NH1
ATOM, ARG, A, 64,-18.244,-10.298,-15.16,34.87,N,NH2
ATOM, THR, A, 65,-16.524,-5.443,-21.636,20.18,N,N
ATOM, THR, A, 65,-17.193,-4.53,-22.545,16.14,C,CA
ATOM, THR, A, 65,-17.183,-5.105,-23.961,18.06,C,C
ATOM, THR, A, 65,-16.359,-5.95,-24.297,24.44,O,O
ATOM, THR, A, 65,-16.518,-3.131,-22.523,23.54,C,CB
ATOM, THR, A, 65,-17.278,-2.271,-23.318,22.5,O,OG1
ATOM, THR, A, 65,-15.134,-3.171,-23.133,24.06,C,CG2
ATOM, PHE, A, 66,-18.13,-4.657,-24.778,18.46,N,N
ATOM, PHE, A, 66,-18.12,-4.911,-26.222,24.23,C,CA
ATOM, PHE, A, 66,-17.739,-3.602,-26.892,22.86,C,C
ATOM, PHE, A, 66,-18.456,-2.606,-26.729,22.56,O,O
ATOM, PHE, A, 66,-19.493,-5.358,-26.715,22.03,C,CB
ATOM, PHE, A, 66,-19.585,-5.607,-28.222,17.94,C,CG
ATOM, PHE, A, 66,-18.767,-6.52,-28.843,25.66,C,CD1
ATOM, PHE, A, 66,-20.511,-4.951,-28.989,18.02,C,CD2
ATOM, PHE, A, 66,-18.87,-6.762,-30.205,20.26,C,CE1
ATOM, PHE, A, 66,-20.633,-5.213,-30.351,16.61,C,CE2
ATOM, PHE, A, 66,-19.836,-6.131,-30.953,18.92,C,CZ
ATOM, ASP, A, 67,-16.643,-3.589,-27.66,20.85,N,N
ATOM, ASP, A, 67,-16.196,-2.338,-28.267,17.3,C,CA
ATOM, ASP, A, 67,-16.607,-2.207,-29.745,17.16,C,C
ATOM, ASP, A, 67,-16.11,-1.312,-30.444,16.59,O,O
ATOM, ASP, A, 67,-14.676,-2.165,-28.082,24.4,C,CB
ATOM, ASP, A, 67,-13.847,-3.139,-28.914,25.86,C,CG
ATOM, ASP, A, 67,-14.406,-3.783,-29.841,20.2,O,OD1
ATOM, ASP, A, 67,-12.602,-3.199,-28.691,21.78,O,OD2
ATOM, GLU, A, 68,-17.548,-3.044,-30.2,16.66,N,N
ATOM, GLU, A, 68,-18.069,-3.17,-31.566,18.16,C,CA
ATOM, GLU, A, 68,-17.19,-4.051,-32.439,14.94,C,C
ATOM, GLU, A, 68,-17.66,-4.566,-33.453,16.03,O,O
ATOM, GLU, A, 68,-18.276,-1.805,-32.255,18.67,C,CB
ATOM, GLU, A, 68,-19.089,-0.76,-31.489,17.88,C,CG
ATOM, GLU, A, 68,-20.468,-1.264,-31.081,25.86,C,CD
ATOM, GLU, A, 68,-21.014,-2.138,-31.755,18.93,O,OE1
ATOM, GLU, A, 68,-20.969,-0.791,-30.068,23.91,O,OE2
ATOM, TYR, A, 69,-15.932,-4.262,-32.054,18.12,N,N
ATOM, TYR, A, 69,-15.05,-5.148,-32.793,17.99,C,CA
ATOM, TYR, A, 69,-14.807,-6.462,-32.066,12.99,C,C
ATOM, TYR, A, 69,-14.897,-7.523,-32.658,14.56,O,O
ATOM, TYR, A, 69,-13.713,-4.436,-33.05,16.78,C,CB
ATOM, TYR, A, 69,-12.671,-5.307,-33.731,16.73,C,CG
ATOM, TYR, A, 69,-12.71,-5.505,-35.105,18.36,C,CD1
ATOM, TYR, A, 69,-11.657,-5.93,-33,16.7,C,CD2
ATOM, TYR, A, 69,-11.749,-6.299,-35.752,16.63,C,CE1
ATOM, TYR, A, 69,-10.701,-6.709,-33.623,18.13,C,CE2
ATOM, TYR, A, 69,-10.771,-6.909,-35.009,18.33,C,CZ
ATOM, TYR, A, 69,-9.811,-7.689,-35.667,23.26,O,OH
ATOM, ALA, A, 70,-14.572,-6.409,-30.766,12.16,N,N
ATOM, ALA, A, 70,-14.253,-7.589,-30.001,17.8,C,CA
ATOM, ALA, A, 70,-14.949,-7.514,-28.661,21.07,C,C
ATOM, ALA, A, 70,-15.226,-6.434,-28.13,19.33,O,O
ATOM, ALA, A, 70,-12.725,-7.722,-29.763,14.06,C,CB
ATOM, CYS, A, 71,-15.116,-8.69,-28.072,15.92,N,N
ATOM, CYS, A, 71,-15.74,-8.859,-26.768,15.75,C,CA
ATOM, CYS, A, 71,-14.649,-8.983,-25.71,20.1,C,C
ATOM, CYS, A, 71,-13.786,-9.851,-25.83,22.8,O,O
ATOM, CYS, A, 71,-16.598,-10.143,-26.784,20.73,C,CB
ATOM, CYS, A, 71,-17.636,-10.223,-25.294,35.02,S,SG
ATOM, TRP, A, 72,-14.656,-8.105,-24.689,19.72,N,N
ATOM, TRP, A, 72,-13.572,-8.089,-23.675,13.74,C,CA
ATOM, TRP, A, 72,-14.13,-8.533,-22.34,19.48,C,C
ATOM, TRP, A, 72,-15.204,-8.041,-21.956,18.83,O,O
ATOM, TRP, A, 72,-12.949,-6.644,-23.526,16.7,C,CB
ATOM, TRP, A, 72,-12.342,-6.203,-24.826,16.76,C,CG
ATOM, TRP, A, 72,-12.946,-5.485,-25.819,14.07,C,CD1
ATOM, TRP, A, 72,-11.047,-6.599,-25.338,18.19,C,CD2
ATOM, TRP, A, 72,-12.079,-5.364,-26.905,15.12,N,NE1
ATOM, TRP, A, 72,-10.911,-6.035,-26.617,14.92,C,CE2
ATOM, TRP, A, 72,-9.989,-7.363,-24.818,17.76,C,CE3
ATOM, TRP, A, 72,-9.777,-6.239,-27.409,12.97,C,CZ2
ATOM, TRP, A, 72,-8.859,-7.571,-25.599,14.36,C,CZ3
ATOM, TRP, A, 72,-8.748,-6.996,-26.87,12.91,C,CH2
ATOM, PRO, A, 73,-13.478,-9.46,-21.635,20.47,N,N
ATOM, PRO, A, 73,-13.864,-9.787,-20.262,20.88,C,CA
ATOM, PRO, A, 73,-13.312,-8.758,-19.274,33.44,C,C
ATOM, PRO, A, 73,-12.562,-7.831,-19.625,20.79,O,O
ATOM, PRO, A, 73,-13.211,-11.139,-20.062,25.58,C,CB
ATOM, PRO, A, 73,-11.842,-10.918,-20.729,23.96,C,CG
ATOM, PRO, A, 73,-12.186,-10.087,-21.985,21.64,C,CD
ATOM, ASP, A, 74,-13.68,-8.938,-18.009,26.78,N,N
ATOM, ASP, A, 74,-13.069,-8.139,-16.96,29.35,C,CA
ATOM, ASP, A, 74,-11.572,-8.408,-16.924,28.9,C,C
ATOM, ASP, A, 74,-11.129,-9.539,-17.106,25.7,O,O
ATOM, ASP, A, 74,-13.69,-8.44,-15.597,26.84,C,CB
ATOM, ASP, A, 74,-15.207,-8.352,-15.609,31.73,C,CG
ATOM, ASP, A, 74,-15.769,-7.335,-16.04,30.39,O,OD1
ATOM, ASP, A, 74,-15.85,-9.32,-15.164,43.19,O,OD2
ATOM, GLY, A, 75,-10.777,-7.36,-16.713,24.12,N,N
ATOM, GLY, A, 75,-9.326,-7.465,-16.798,25.01,C,CA
ATOM, GLY, A, 75,-8.66,-7.419,-15.432,22.03,C,C
ATOM, GLY, A, 75,-9.083,-6.673,-14.549,29.37,O,O
ATOM, GLU, A, 76,-7.627,-8.195,-15.283,25.57,N,N
ATOM, GLU, A, 76,-6.794,-8.177,-14.086,30.71,C,CA
ATOM, GLU, A, 76,-5.888,-6.948,-14.092,25.03,C,C
ATOM, GLU, A, 76,-5.14,-6.75,-15.051,23.8,O,O
ATOM, GLU, A, 76,-5.943,-9.436,-14.037,27.44,C,CB
ATOM, GLU, A, 76,-4.764,-9.372,-13.029,37.05,C,CG
ATOM, GLU, A, 76,-4.044,-10.706,-12.873,46.13,C,CD
ATOM, GLU, A, 76,-4.719,-11.764,-12.829,63.71,O,OE1
ATOM, GLU, A, 76,-2.8,-10.698,-12.799,56.41,O,OE2
ATOM, PRO, A, 77,-5.908,-6.123,-13.044,29.06,N,N
ATOM, PRO, A, 77,-5.052,-4.917,-13.031,26.34,C,CA
ATOM, PRO, A, 77,-3.58,-5.241,-13.22,29.2,C,C
ATOM, PRO, A, 77,-3.019,-6.137,-12.574,27.39,O,O
ATOM, PRO, A, 77,-5.325,-4.3,-11.654,30.26,C,CB
ATOM, PRO, A, 77,-6.748,-4.778,-11.309,28.7,C,CG
ATOM, PRO, A, 77,-6.842,-6.171,-11.9,29.48,C,CD
ATOM, GLY, A, 78,-2.951,-4.523,-14.148,27.1,N,N
ATOM, GLY, A, 78,-1.543,-4.729,-14.396,25.74,C,CA
ATOM, GLY, A, 78,-1.187,-5.815,-15.384,27.6,C,C
ATOM, GLY, A, 78,-0.016,-6.201,-15.454,33.04,O,O
ATOM, SER, A, 79,-2.13,-6.279,-16.207,21.96,N,N
ATOM, SER, A, 79,-1.79,-7.346,-17.132,27.22,C,CA
ATOM, SER, A, 79,-2.437,-7.07,-18.487,20.01,C,C
ATOM, SER, A, 79,-3.408,-6.321,-18.599,19.24,O,O
ATOM, SER, A, 79,-2.211,-8.735,-16.562,31.43,C,CB
ATOM, SER, A, 79,-3.504,-9.046,-16.992,45.23,O,OG
ATOM, PHE, A, 80,-1.833,-7.65,-19.523,20.3,N,N
ATOM, PHE, A, 80,-2.442,-7.688,-20.837,25.97,C,CA
ATOM, PHE, A, 80,-3.637,-8.621,-20.787,26.26,C,C
ATOM, PHE, A, 80,-3.651,-9.585,-20.023,19.2,O,O
ATOM, PHE, A, 80,-1.455,-8.206,-21.885,21.07,C,CB
ATOM, PHE, A, 80,-0.435,-7.204,-22.286,22.75,C,CG
ATOM, PHE, A, 80,-0.768,-6.141,-23.131,21.75,C,CD1
ATOM, PHE, A, 80,0.859,-7.315,-21.809,27.08,C,CD2
ATOM, PHE, A, 80,0.213,-5.154,-23.478,16.46,C,CE1
ATOM, PHE, A, 80,1.847,-6.334,-22.148,22.82,C,CE2
ATOM, PHE, A, 80,1.529,-5.301,-22.97,20.02,C,CZ
ATOM, VAL, A, 81,-4.645,-8.325,-21.593,18.32,N,N
ATOM, VAL, A, 81,-5.825,-9.186,-21.711,19.3,C,CA
ATOM, VAL, A, 81,-5.933,-9.627,-23.161,18.73,C,C
ATOM, VAL, A, 81,-5.85,-8.782,-24.06,18.86,O,O
ATOM, VAL, A, 81,-7.103,-8.46,-21.252,21.03,C,CB
ATOM, VAL, A, 81,-8.353,-9.367,-21.524,17.56,C,CG1
ATOM, VAL, A, 81,-7.011,-8.071,-19.773,20.57,C,CG2
ATOM, ASN, A, 82,-6.002,-10.952,-23.392,15.8,N,N
ATOM, ASN, A, 82,-6.047,-11.539,-24.727,19.46,C,CA
ATOM, ASN, A, 82,-7.45,-12.053,-25.019,20.66,C,C
ATOM, ASN, A, 82,-8.055,-12.691,-24.17,19.22,O,O
ATOM, ASN, A, 82,-5.143,-12.787,-24.893,25.12,C,CB
ATOM, ASN, A, 82,-3.669,-12.577,-24.556,32.02,C,CG
ATOM, ASN, A, 82,-3.284,-11.716,-23.76,31.94,O,OD1
ATOM, ASN, A, 82,-2.825,-13.456,-25.13,29.55,N,ND2
ATOM, VAL, A, 83,-7.927,-11.882,-26.245,14.42,N,N
ATOM, VAL, A, 83,-9.139,-12.57,-26.693,17.7,C,CA
ATOM, VAL, A, 83,-8.892,-13.02,-28.116,17.19,C,C
ATOM, VAL, A, 83,-8.073,-12.431,-28.829,16.57,O,O
ATOM, VAL, A, 83,-10.442,-11.703,-26.61,26.77,C,CB
ATOM, VAL, A, 83,-10.596,-11.048,-25.246,22.68,C,CG1
ATOM, VAL, A, 83,-10.404,-10.651,-27.593,21.58,C,CG2
ATOM, SER, A, 84,-9.568,-14.106,-28.524,16.97,N,N
ATOM, SER, A, 84,-9.315,-14.656,-29.864,17.85,C,CA
ATOM, SER, A, 84,-9.767,-13.658,-30.896,19.11,C,C
ATOM, SER, A, 84,-10.716,-12.898,-30.656,15.96,O,O
ATOM, SER, A, 84,-10.074,-15.994,-30.097,17.85,C,CB
ATOM, SER, A, 84,-9.785,-16.854,-29.031,26.96,O,OG
ATOM, CYS, A, 85,-9.108,-13.678,-32.069,19.36,N,N
ATOM, CYS, A, 85,-9.59,-12.845,-33.166,21.18,C,CA
ATOM, CYS, A, 85,-11.085,-13.133,-33.398,19.21,C,C
ATOM, CYS, A, 85,-11.515,-14.299,-33.337,18.57,O,O
ATOM, CYS, A, 85,-8.764,-13.084,-34.439,23.54,C,CB
ATOM, CYS, A, 85,-7.027,-12.342,-34.297,29,S,SG
ATOM, PRO, A, 86,-11.909,-12.101,-33.642,15.74,N,N
ATOM, PRO, A, 86,-13.364,-12.312,-33.683,13.82,C,CA
ATOM, PRO, A, 86,-13.748,-13.197,-34.834,18.05,C,C
ATOM, PRO, A, 86,-13.234,-13.064,-35.952,20.99,O,O
ATOM, PRO, A, 86,-13.936,-10.899,-33.865,15.37,C,CB
ATOM, PRO, A, 86,-12.895,-9.978,-33.437,19.93,C,CG
ATOM, PRO, A, 86,-11.546,-10.666,-33.673,14.37,C,CD
ATOM, TRP, A, 87,-14.652,-14.133,-34.547,19.97,N,N
ATOM, TRP, A, 87,-14.857,-15.208,-35.496,16.34,C,CA
ATOM, TRP, A, 87,-15.715,-14.775,-36.687,21.65,C,C
ATOM, TRP, A, 87,-15.762,-15.511,-37.68,19.82,O,O
ATOM, TRP, A, 87,-15.46,-16.423,-34.787,21.85,C,CB
ATOM, TRP, A, 87,-16.687,-16.181,-33.896,20.44,C,CG
ATOM, TRP, A, 87,-16.713,-16.147,-32.525,16.54,C,CD1
ATOM, TRP, A, 87,-18.046,-16.035,-34.319,15.4,C,CD2
ATOM, TRP, A, 87,-17.983,-16.005,-32.081,20.22,N,NE1
ATOM, TRP, A, 87,-18.826,-15.905,-33.158,16.23,C,CE2
ATOM, TRP, A, 87,-18.679,-16.017,-35.573,16.85,C,CE3
ATOM, TRP, A, 87,-20.202,-15.729,-33.192,16.98,C,CZ2
ATOM, TRP, A, 87,-20.056,-15.825,-35.616,20.05,C,CZ3
ATOM, TRP, A, 87,-20.812,-15.701,-34.424,22.35,C,CH2
ATOM, TYR, A, 88,-16.348,-13.575,-36.643,17.74,N,N
ATOM, TYR, A, 88,-17.086,-13.077,-37.808,21.78,C,CA
ATOM, TYR, A, 88,-16.179,-12.538,-38.909,25.14,C,C
ATOM, TYR, A, 88,-16.697,-12.232,-39.99,23.74,O,O
ATOM, TYR, A, 88,-18.094,-11.93,-37.428,14.6,C,CB
ATOM, TYR, A, 88,-17.396,-10.673,-36.851,16.38,C,CG
ATOM, TYR, A, 88,-16.819,-9.699,-37.682,16.69,C,CD1
ATOM, TYR, A, 88,-17.266,-10.508,-35.481,14.33,C,CD2
ATOM, TYR, A, 88,-16.142,-8.637,-37.154,16.94,C,CE1
ATOM, TYR, A, 88,-16.612,-9.414,-34.947,14.29,C,CE2
ATOM, TYR, A, 88,-16.063,-8.485,-35.775,17.2,C,CZ
ATOM, TYR, A, 88,-15.376,-7.446,-35.21,15.06,O,OH
ATOM, LEU, A, 89,-14.87,-12.349,-38.667,19.43,N,N
ATOM, LEU, A, 89,-14.001,-11.84,-39.723,18.94,C,CA
ATOM, LEU, A, 89,-14.005,-12.794,-40.925,24.01,C,C
ATOM, LEU, A, 89,-13.933,-14.021,-40.75,21.2,O,O
ATOM, LEU, A, 89,-12.564,-11.647,-39.207,17.78,C,CB
ATOM, LEU, A, 89,-12.36,-10.618,-38.074,20.62,C,CG
ATOM, LEU, A, 89,-10.93,-10.798,-37.503,21.55,C,CD1
ATOM, LEU, A, 89,-12.603,-9.137,-38.497,16.38,C,CD2
ATOM, PRO, A, 90,-14.115,-12.271,-42.163,23.57,N,N
ATOM, PRO, A, 90,-14.153,-13.173,-43.33,29.56,C,CA
ATOM, PRO, A, 90,-12.916,-14.035,-43.432,27.68,C,C
ATOM, PRO, A, 90,-13.015,-15.165,-43.888,29.97,O,O
ATOM, PRO, A, 90,-14.284,-12.203,-44.517,28.34,C,CB
ATOM, PRO, A, 90,-14.985,-11.017,-43.951,29.78,C,CG
ATOM, PRO, A, 90,-14.408,-10.868,-42.546,31.04,C,CD
ATOM, TRP, A, 91,-11.772,-13.555,-42.938,27.57,N,N
ATOM, TRP, A, 91,-10.507,-14.276,-43.02,25.71,C,CA
ATOM, TRP, A, 91,-10.152,-14.947,-41.696,30.38,C,C
ATOM, TRP, A, 91,-8.993,-15.327,-41.491,29.9,O,O
ATOM, TRP, A, 91,-9.402,-13.317,-43.478,26.2,C,CB
ATOM, TRP, A, 91,-9.349,-12.083,-42.632,24.53,C,CG
ATOM, TRP, A, 91,-8.688,-11.946,-41.47,22.1,C,CD1
ATOM, TRP, A, 91,-10.026,-10.831,-42.867,33.65,C,CD2
ATOM, TRP, A, 91,-8.873,-10.679,-40.954,23.98,N,NE1
ATOM, TRP, A, 91,-9.706,-9.98,-41.792,25.37,C,CE2
ATOM, TRP, A, 91,-10.86,-10.349,-43.888,26.65,C,CE3
ATOM, TRP, A, 91,-10.2,-8.679,-41.689,30.38,C,CZ2
ATOM, TRP, A, 91,-11.356,-9.069,-43.786,31.1,C,CZ3
ATOM, TRP, A, 91,-11.006,-8.226,-42.698,27.81,C,CH2
ATOM, ALA, A, 92,-11.152,-15.123,-40.811,25.83,N,N
ATOM, ALA, A, 92,-10.914,-15.705,-39.49,26.38,C,CA
ATOM, ALA, A, 92,-10.152,-17.016,-39.592,32.23,C,C
ATOM, ALA, A, 92,-9.285,-17.301,-38.76,24,O,O
ATOM, ALA, A, 92,-12.24,-15.945,-38.761,27.72,C,CB
ATOM, SER, A, 93,-10.459,-17.835,-40.607,30.14,N,N
ATOM, SER, A, 93,-9.75,-19.108,-40.754,29.54,C,CA
ATOM, SER, A, 93,-8.304,-18.949,-41.239,38.18,C,C
ATOM, SER, A, 93,-7.514,-19.887,-41.086,36.24,O,O
ATOM, SER, A, 93,-10.556,-20.05,-41.681,36.41,C,CB
ATOM, SER, A, 93,-10.505,-19.615,-43.031,43.64,O,OG
ATOM, SER, A, 94,-7.912,-17.793,-41.785,34.75,N,N
ATOM, SER, A, 94,-6.49,-17.59,-42.064,39.53,C,CA
ATOM, SER, A, 94,-5.703,-17.141,-40.838,29.65,C,C
ATOM, SER, A, 94,-4.463,-17.173,-40.872,30.46,O,O
ATOM, SER, A, 94,-6.283,-16.565,-43.178,37.49,C,CB
ATOM, SER, A, 94,-6.942,-16.959,-44.36,40.63,O,OG
ATOM, VAL, A, 95,-6.378,-16.757,-39.751,30.17,N,N
ATOM, VAL, A, 95,-5.66,-16.296,-38.553,22.35,C,CA
ATOM, VAL, A, 95,-6.173,-17.076,-37.352,27.49,C,C
ATOM, VAL, A, 95,-6.54,-16.477,-36.315,25.96,O,O
ATOM, VAL, A, 95,-5.792,-14.769,-38.384,26.66,C,CB
ATOM, VAL, A, 95,-5.092,-14.083,-39.564,29.95,C,CG1
ATOM, VAL, A, 95,-7.264,-14.347,-38.313,23.31,C,CG2
ATOM, PRO, A, 96,-6.156,-18.416,-37.436,28.05,N,N
ATOM, PRO, A, 96,-6.852,-19.231,-36.439,25.32,C,CA
ATOM, PRO, A, 96,-6.221,-19.174,-35.066,25.1,C,C
ATOM, PRO, A, 96,-6.906,-19.504,-34.083,21.75,O,O
ATOM, PRO, A, 96,-6.759,-20.649,-37.028,28.76,C,CB
ATOM, PRO, A, 96,-5.426,-20.633,-37.756,28.19,C,CG
ATOM, PRO, A, 96,-5.355,-19.243,-38.363,30.05,C,CD
ATOM, GLN, A, 97,-4.942,-18.795,-34.97,19.61,N,N
ATOM, GLN, A, 97,-4.245,-18.676,-33.695,21.38,C,CA
ATOM, GLN, A, 97,-4.057,-17.213,-33.278,21.84,C,C
ATOM, GLN, A, 97,-3.305,-16.925,-32.328,21.55,O,O
ATOM, GLN, A, 97,-2.885,-19.37,-33.785,22.51,C,CB
ATOM, GLN, A, 97,-3.017,-20.965,-34.029,22.71,C,CG
ATOM, GLN, A, 97,-3.633,-21.693,-32.866,35.46,C,CD
ATOM, GLN, A, 97,-3.762,-21.155,-31.765,39.2,O,OE1
ATOM, GLN, A, 97,-4.045,-22.94,-33.108,56.6,N,NE2
ATOM, GLY, A, 98,-4.668,-16.281,-33.996,19.94,N,N
ATOM, GLY, A, 98,-4.491,-14.835,-33.668,17.26,C,CA
ATOM, GLY, A, 98,-5.328,-14.439,-32.453,20.63,C,C
ATOM, GLY, A, 98,-6.456,-14.911,-32.266,16.59,O,O
ATOM, HIS, A, 99,-4.73,-13.626,-31.581,17.81,N,N
ATOM, HIS, A, 99,-5.426,-12.981,-30.476,14.23,C,CA
ATOM, HIS, A, 99,-5.344,-11.462,-30.657,18.22,C,C
ATOM, HIS, A, 99,-4.392,-10.926,-31.236,16.03,O,O
ATOM, HIS, A, 99,-4.806,-13.302,-29.1,15.16,C,CB
ATOM, HIS, A, 99,-5.06,-14.7,-28.606,15.08,C,CG
ATOM, HIS, A, 99,-4.673,-15.108,-27.343,20.04,N,ND1
ATOM, HIS, A, 99,-5.626,-15.777,-29.193,16.55,C,CD2
ATOM, HIS, A, 99,-4.981,-16.391,-27.178,21.75,C,CE1
ATOM, HIS, A, 99,-5.561,-16.825,-28.287,17.57,N,NE2
ATOM, VAL, A, 100,-6.303,-10.756,-30.085,13.31,N,N
ATOM, VAL, A, 100,-6.212,-9.289,-29.986,14.49,C,CA
ATOM, VAL, A, 100,-5.988,-8.91,-28.53,15.45,C,C
ATOM, VAL, A, 100,-6.318,-9.682,-27.632,18.33,O,O
ATOM, VAL, A, 100,-7.475,-8.631,-30.598,18.75,C,CB
ATOM, VAL, A, 100,-8.686,-9.282,-30.135,20.26,C,CG1
ATOM, VAL, A, 100,-7.601,-7.177,-30.292,22.15,C,CG2
ATOM, TYR, A, 101,-5.348,-7.738,-28.278,14.5,N,N
ATOM, TYR, A, 101,-4.924,-7.438,-26.917,13.11,C,CA
ATOM, TYR, A, 101,-5.405,-6.066,-26.468,14.73,C,C
ATOM, TYR, A, 101,-5.435,-5.115,-27.253,16.17,O,O
ATOM, TYR, A, 101,-3.382,-7.427,-26.751,12.77,C,CB
ATOM, TYR, A, 101,-2.694,-8.648,-27.323,15.49,C,CG
ATOM, TYR, A, 101,-2.366,-8.711,-28.664,17.02,C,CD1
ATOM, TYR, A, 101,-2.389,-9.735,-26.526,22.31,C,CD2
ATOM, TYR, A, 101,-1.69,-9.838,-29.182,19.27,C,CE1
ATOM, TYR, A, 101,-1.713,-10.863,-27.035,21.36,C,CE2
ATOM, TYR, A, 101,-1.402,-10.902,-28.37,18.92,C,CZ
ATOM, TYR, A, 101,-0.746,-12.001,-28.896,21.24,O,OH
ATOM, ARG, A, 102,-5.658,-5.972,-25.169,14.34,N,N
ATOM, ARG, A, 102,-5.785,-4.722,-24.431,16.22,C,CA
ATOM, ARG, A, 102,-4.835,-4.835,-23.25,17.61,C,C
ATOM, ARG, A, 102,-4.246,-5.893,-23.004,15.81,O,O
ATOM, ARG, A, 102,-7.224,-4.476,-23.916,14.3,C,CB
ATOM, ARG, A, 102,-8.194,-3.829,-24.908,17.89,C,CG
ATOM, ARG, A, 102,-9.516,-3.568,-24.221,15.05,C,CD
ATOM, ARG, A, 102,-10.521,-2.958,-25.081,17.09,N,NE
ATOM, ARG, A, 102,-11.529,-2.189,-24.655,17.1,C,CZ
ATOM, ARG, A, 102,-12.356,-1.645,-25.529,13.41,N,NH1
ATOM, ARG, A, 102,-11.72,-1.975,-23.358,19.77,N,NH2
ATOM, PHE, A, 103,-4.646,-3.73,-22.538,18.75,N,N
ATOM, PHE, A, 103,-3.868,-3.745,-21.312,18.68,C,CA
ATOM, PHE, A, 103,-4.688,-3.098,-20.207,18.19,C,C
ATOM, PHE, A, 103,-5.253,-2.017,-20.387,18.53,O,O
ATOM, PHE, A, 103,-2.482,-3.046,-21.5,18.59,C,CB
ATOM, PHE, A, 103,-1.66,-2.999,-20.221,19.04,C,CG
ATOM, PHE, A, 103,-1.029,-4.141,-19.742,17.41,C,CD1
ATOM, PHE, A, 103,-1.58,-1.811,-19.471,18.53,C,CD2
ATOM, PHE, A, 103,-0.269,-4.103,-18.555,21.08,C,CE1
ATOM, PHE, A, 103,-0.819,-1.747,-18.3,18.82,C,CE2
ATOM, PHE, A, 103,-0.183,-2.927,-17.82,21.75,C,CZ
ATOM, CYS, A, 104,-4.747,-3.757,-19.063,19.79,N,N
ATOM, CYS, A, 104,-5.546,-3.291,-17.931,18.68,C,CA
ATOM, CYS, A, 104,-4.557,-2.693,-16.936,19.91,C,C
ATOM, CYS, A, 104,-3.711,-3.422,-16.409,20.93,O,O
ATOM, CYS, A, 104,-6.325,-4.47,-17.32,22.93,C,CB
ATOM, CYS, A, 104,-7.299,-4.021,-15.847,28.01,S,SG
ATOM, THR, A, 105,-4.609,-1.37,-16.715,21.8,N,N
ATOM, THR, A, 105,-3.581,-0.781,-15.842,24.16,C,CA
ATOM, THR, A, 105,-3.821,-1.164,-14.385,33.29,C,C
ATOM, THR, A, 105,-4.908,-1.616,-14.002,27.01,O,O
ATOM, THR, A, 105,-3.56,0.743,-15.9,24.86,C,CB
ATOM, THR, A, 105,-4.748,1.262,-15.275,28.8,O,OG1
ATOM, THR, A, 105,-3.468,1.245,-17.358,24.84,C,CG2
ATOM, ALA, A, 106,-2.801,-0.895,-13.554,28.36,N,N
ATOM, ALA, A, 106,-2.916,-1.165,-12.126,34.29,C,CA
ATOM, ALA, A, 106,-4.004,-0.31,-11.477,29.45,C,C
ATOM, ALA, A, 106,-4.486,-0.653,-10.396,41.21,O,O
ATOM, ALA, A, 106,-1.547,-0.971,-11.431,28.49,C,CB
ATOM, GLU, A, 107,-4.446,0.757,-12.124,30.02,N,N
ATOM, GLU, A, 107,-5.587,1.504,-11.61,28.94,C,CA
ATOM, GLU, A, 107,-6.915,0.841,-11.924,31.18,C,C
ATOM, GLU, A, 107,-7.949,1.347,-11.493,33.13,O,O
ATOM, GLU, A, 107,-5.608,2.932,-12.165,31.24,C,CB
ATOM, GLU, A, 107,-4.44,3.757,-11.685,49.98,C,CG
ATOM, GLU, A, 107,-4.548,5.234,-12.061,62.6,C,CD
ATOM, GLU, A, 107,-3.923,6.062,-11.361,79.11,O,OE1
ATOM, GLU, A, 107,-5.246,5.572,-13.047,55.26,O,OE2
ATOM, GLY, A, 108,-6.931,-0.27,-12.654,31.55,N,N
ATOM, GLY, A, 108,-8.217,-0.847,-13.014,33.54,C,CA
ATOM, GLY, A, 108,-8.921,-0.116,-14.126,32.61,C,C
ATOM, GLY, A, 108,-10.158,-0.176,-14.225,35.42,O,O
ATOM, LEU, A, 109,-8.17,0.602,-14.959,26.29,N,N
ATOM, LEU, A, 109,-8.704,1.29,-16.131,25.08,C,CA
ATOM, LEU, A, 109,-8.026,0.667,-17.339,21.84,C,C
ATOM, LEU, A, 109,-6.852,0.301,-17.265,20.23,O,O
ATOM, LEU, A, 109,-8.422,2.802,-16.108,31.86,C,CB
ATOM, LEU, A, 109,-8.926,3.588,-14.898,47.61,C,CG
ATOM, LEU, A, 109,-8.463,5.055,-14.97,42.45,C,CD1
ATOM, LEU, A, 109,-10.445,3.487,-14.824,33.38,C,CD2
ATOM, TRP, A, 110,-8.787,0.45,-18.408,21.26,N,N
ATOM, TRP, A, 110,-8.163,0.036,-19.658,22.26,C,CA
ATOM, TRP, A, 110,-7.193,1.13,-20.12,22,C,C
ATOM, TRP, A, 110,-7.53,2.319,-20.102,18.6,O,O
ATOM, TRP, A, 110,-9.238,-0.195,-20.718,22,C,CB
ATOM, TRP, A, 110,-10.197,-1.377,-20.429,19.79,C,CG
ATOM, TRP, A, 110,-11.54,-1.306,-20.099,17.21,C,CD1
ATOM, TRP, A, 110,-9.862,-2.758,-20.453,16.06,C,CD2
ATOM, TRP, A, 110,-12.055,-2.577,-19.942,18.6,N,NE1
ATOM, TRP, A, 110,-11.041,-3.491,-20.135,20.84,C,CE2
ATOM, TRP, A, 110,-8.68,-3.459,-20.703,15.72,C,CE3
ATOM, TRP, A, 110,-11.068,-4.901,-20.094,17.88,C,CZ2
ATOM, TRP, A, 110,-8.701,-4.88,-20.635,20.15,C,CZ3
ATOM, TRP, A, 110,-9.897,-5.576,-20.329,19.65,C,CH2
ATOM, LEU, A, 111,-6.019,0.72,-20.589,20.32,N,N
ATOM, LEU, A, 111,-5.013,1.67,-21.089,19.19,C,CA
ATOM, LEU, A, 111,-5.568,2.445,-22.277,19.78,C,C
ATOM, LEU, A, 111,-6.144,1.849,-23.199,16.13,O,O
ATOM, LEU, A, 111,-3.76,0.893,-21.492,17.45,C,CB
ATOM, LEU, A, 111,-2.639,1.785,-22.019,17.47,C,CG
ATOM, LEU, A, 111,-2.049,2.572,-20.841,21.48,C,CD1
ATOM, LEU, A, 111,-1.63,0.892,-22.707,16.86,C,CD2
ATOM, GLN, A, 112,-5.418,3.787,-22.263,15.36,N,N
ATOM, GLN, A, 112,-6.069,4.604,-23.269,17.56,C,CA
ATOM, GLN, A, 112,-5.389,5.958,-23.3,19.16,C,C
ATOM, GLN, A, 112,-5.276,6.58,-22.253,15.68,O,O
ATOM, GLN, A, 112,-7.553,4.818,-22.909,18.16,C,CB
ATOM, GLN, A, 112,-8.324,5.669,-23.924,17.36,C,CG
ATOM, GLN, A, 112,-9.879,5.599,-23.748,28.9,C,CD
ATOM, GLN, A, 112,-10.387,4.867,-22.902,26.02,O,OE1
ATOM, GLN, A, 112,-10.609,6.384,-24.541,23.9,N,NE2
ATOM, LYS, A, 113,-5,6.421,-24.482,19.85,N,N
ATOM, LYS, A, 113,-4.421,7.752,-24.658,23.43,C,CA
ATOM, LYS, A, 113,-5.476,8.826,-24.443,25.06,C,C
ATOM, LYS, A, 113,-6.628,8.64,-24.791,24.88,O,O
ATOM, LYS, A, 113,-3.853,7.886,-26.073,24.14,C,CB
ATOM, LYS, A, 113,-2.608,6.983,-26.363,21.12,C,CG
ATOM, LYS, A, 113,-1.7,7.654,-27.424,38.87,C,CD
ATOM, LYS, A, 113,-2.125,7.169,-28.796,39.32,C,CE
ATOM, LYS, A, 113,-1.665,8.017,-29.93,30.24,N,NZ
ATOM, ASP, A, 114,-5.073,9.98,-23.879,23.43,N,N
ATOM, ASP, A, 114,-6.053,11.031,-23.568,30.07,C,CA
ATOM, ASP, A, 114,-6.781,11.524,-24.811,23.99,C,C
ATOM, ASP, A, 114,-7.962,11.845,-24.733,24.23,O,O
ATOM, ASP, A, 114,-5.392,12.239,-22.88,29.21,C,CB
ATOM, ASP, A, 114,-4.982,11.949,-21.461,38.3,C,CG
ATOM, ASP, A, 114,-5.583,11.051,-20.845,36.22,O,OD1
ATOM, ASP, A, 114,-4.048,12.606,-20.956,49.14,O,OD2
ATOM, ASN, A, 115,-6.121,11.535,-25.967,28,N,N
ATOM, ASN, A, 115,-6.751,11.998,-27.201,25.36,C,CA
ATOM, ASN, A, 115,-7.413,10.882,-27.994,34.72,C,C
ATOM, ASN, A, 115,-7.845,11.109,-29.129,32.04,O,O
ATOM, ASN, A, 115,-5.727,12.702,-28.114,26.89,C,CB
ATOM, ASN, A, 115,-4.666,11.737,-28.651,30.19,C,CG
ATOM, ASN, A, 115,-4.175,10.896,-27.911,28.54,O,OD1
ATOM, ASN, A, 115,-4.328,11.846,-29.941,24.63,N,ND2
ATOM, SER, A, 116,-7.528,9.685,-27.446,26.5,N,N
ATOM, SER, A, 116,-8.226,8.64,-28.174,27.17,C,CA
ATOM, SER, A, 116,-9.584,8.379,-27.558,25.84,C,C
ATOM, SER, A, 116,-9.71,8.295,-26.331,29.86,O,O
ATOM, SER, A, 116,-7.417,7.341,-28.182,25.41,C,CB
ATOM, SER, A, 116,-8.285,6.372,-28.704,32,O,OG
ATOM, SER, A, 117,-10.604,8.228,-28.409,23.84,N,N
ATOM, SER, A, 117,-11.892,7.829,-27.869,38.56,C,CA
ATOM, SER, A, 117,-11.975,6.327,-27.606,31.72,C,C
ATOM, SER, A, 117,-12.878,5.903,-26.899,28.86,O,O
ATOM, SER, A, 117,-13.031,8.257,-28.807,44.9,C,CB
ATOM, SER, A, 117,-12.812,7.745,-30.109,57.7,O,OG
ATOM, LEU, A, 118,-11.026,5.53,-28.098,30.82,N,N
ATOM, LEU, A, 118,-10.991,4.095,-27.845,30.95,C,CA
ATOM, LEU, A, 118,-9.77,3.71,-27.015,26.23,C,C
ATOM, LEU, A, 118,-8.689,4.274,-27.21,21.71,O,O
ATOM, LEU, A, 118,-10.959,3.319,-29.173,35.33,C,CB
ATOM, LEU, A, 118,-12.104,3.696,-30.136,56.48,C,CG
ATOM, LEU, A, 118,-11.761,3.467,-31.632,43.78,C,CD1
ATOM, LEU, A, 118,-13.39,2.958,-29.754,43.26,C,CD2
ATOM, PRO, A, 119,-9.913,2.757,-26.094,25.55,N,N
ATOM, PRO, A, 119,-8.748,2.222,-25.371,22.26,C,CA
ATOM, PRO, A, 119,-7.721,1.645,-26.336,18.88,C,C
ATOM, PRO, A, 119,-8.014,1.347,-27.499,18.14,O,O
ATOM, PRO, A, 119,-9.361,1.118,-24.483,19.14,C,CB
ATOM, PRO, A, 119,-10.847,1.571,-24.303,18.91,C,CG
ATOM, PRO, A, 119,-11.193,2.156,-25.649,24.84,C,CD
ATOM, TRP, A, 120,-6.485,1.537,-25.849,12.67,N,N
ATOM, TRP, A, 120,-5.442,0.899,-26.612,16.5,C,CA
ATOM, TRP, A, 120,-5.821,-0.549,-26.899,18.36,C,C
ATOM, TRP, A, 120,-6.246,-1.276,-25.996,19.41,O,O
ATOM, TRP, A, 120,-4.134,0.898,-25.828,18.42,C,CB
ATOM, TRP, A, 120,-3.098,0.135,-26.587,26.52,C,CG
ATOM, TRP, A, 120,-2.386,0.591,-27.671,35.64,C,CD1
ATOM, TRP, A, 120,-2.677,-1.222,-26.374,22.32,C,CD2
ATOM, TRP, A, 120,-1.54,-0.398,-28.137,36.91,N,NE1
ATOM, TRP, A, 120,-1.697,-1.517,-27.362,29.57,C,CE2
ATOM, TRP, A, 120,-3.071,-2.239,-25.485,18.36,C,CE3
ATOM, TRP, A, 120,-1.052,-2.762,-27.44,22.68,C,CZ2
ATOM, TRP, A, 120,-2.459,-3.498,-25.604,18.24,C,CZ3
ATOM, TRP, A, 120,-1.431,-3.725,-26.544,24.66,C,CH2
ATOM, ARG, A, 121,-5.625,-0.96,-28.145,18.06,N,N
ATOM, ARG, A, 121,-5.874,-2.312,-28.623,24.74,C,CA
ATOM, ARG, A, 121,-4.826,-2.656,-29.68,24.63,C,C
ATOM, ARG, A, 121,-4.48,-1.816,-30.517,22.02,O,O
ATOM, ARG, A, 121,-7.295,-2.39,-29.185,23.35,C,CB
ATOM, ARG, A, 121,-7.672,-3.66,-29.815,26.72,C,CG
ATOM, ARG, A, 121,-9.133,-3.536,-30.279,27.45,C,CD
ATOM, ARG, A, 121,-9.2,-2.479,-31.302,30.94,N,NE
ATOM, ARG, A, 121,-10.32,-1.888,-31.699,36.43,C,CZ
ATOM, ARG, A, 121,-11.503,-2.263,-31.152,21.56,N,NH1
ATOM, ARG, A, 121,-10.262,-0.948,-32.665,26.78,N,NH2
ATOM, ASP, A, 122,-4.255,-3.851,-29.594,18.64,N,N
ATOM, ASP, A, 122,-3.394,-4.376,-30.65,20.61,C,CA
ATOM, ASP, A, 122,-4.185,-5.442,-31.39,18.7,C,C
ATOM, ASP, A, 122,-4.384,-6.552,-30.875,16.38,O,O
ATOM, ASP, A, 122,-2.111,-4.945,-30.038,18.65,C,CB
ATOM, ASP, A, 122,-1.152,-5.566,-31.056,28.9,C,CG
ATOM, ASP, A, 122,-1.501,-5.863,-32.225,22.97,O,OD1
ATOM, ASP, A, 122,0.003,-5.781,-30.629,29.61,O,OD2
ATOM, LEU, A, 123,-4.589,-5.156,-32.616,17.59,N,N
ATOM, LEU, A, 123,-5.242,-6.204,-33.396,19.97,C,CA
ATOM, LEU, A, 123,-4.432,-6.663,-34.616,17.35,C,C
ATOM, LEU, A, 123,-5.012,-7.243,-35.545,18.81,O,O
ATOM, LEU, A, 123,-6.642,-5.769,-33.82,23.62,C,CB
ATOM, LEU, A, 123,-6.875,-4.365,-34.324,27.22,C,CG
ATOM, LEU, A, 123,-6.345,-4.297,-35.762,29.37,C,CD1
ATOM, LEU, A, 123,-8.356,-4.005,-34.252,22.51,C,CD2
ATOM, SER, A, 124,-3.108,-6.507,-34.581,16.95,N,N
ATOM, SER, A, 124,-2.234,-6.87,-35.703,21.17,C,CA
ATOM, SER, A, 124,-2.291,-8.365,-36.028,24.15,C,C
ATOM, SER, A, 124,-2.247,-8.747,-37.198,24.39,O,O
ATOM, SER, A, 124,-0.788,-6.455,-35.377,21.47,C,CB
ATOM, SER, A, 124,-0.304,-7.138,-34.206,21.03,O,OG
ATOM, GLU, A, 125,-2.498,-9.217,-35.026,16.04,N,N
ATOM, GLU, A, 125,-2.62,-10.646,-35.318,13.73,C,CA
ATOM, GLU, A, 125,-3.929,-11.001,-36.057,22.69,C,C
ATOM, GLU, A, 125,-4.038,-12.105,-36.609,20.94,O,O
ATOM, GLU, A, 125,-2.499,-11.452,-33.997,17.51,C,CB
ATOM, GLU, A, 125,-1.126,-11.24,-33.253,16.16,C,CG
ATOM, GLU, A, 125,-1.007,-12.127,-32.058,17.19,C,CD
ATOM, GLU, A, 125,-1.843,-13.067,-31.97,18.12,O,OE1
ATOM, GLU, A, 125,-0.077,-11.938,-31.209,17.52,O,OE2
ATOM, CYS, A, 126,-4.926,-10.106,-36.109,16.92,N,N
ATOM, CYS, A, 126,-6.167,-10.416,-36.812,19.55,C,CA
ATOM, CYS, A, 126,-6.277,-9.787,-38.178,28.96,C,C
ATOM, CYS, A, 126,-7.373,-9.774,-38.734,27.8,O,O
ATOM, CYS, A, 126,-7.386,-9.962,-35.993,22.7,C,CB
ATOM, CYS, A, 126,-7.144,-10.384,-34.251,33.71,S,SG
ATOM, GLU, A, 127,-5.213,-9.209,-38.704,26.93,N,N
ATOM, GLU, A, 127,-5.336,-8.455,-39.935,30.39,C,CA
ATOM, GLU, A, 127,-5.392,-9.365,-41.147,35.27,C,C
ATOM, GLU, A, 127,-4.81,-10.457,-41.174,29.78,O,O
ATOM, GLU, A, 127,-4.182,-7.46,-40.087,34.65,C,CB
ATOM, GLU, A, 127,-4.192,-6.412,-38.988,41.43,C,CG
ATOM, GLU, A, 127,-4.812,-5.091,-39.41,66.68,C,CD
ATOM, GLU, A, 127,-5.638,-5.088,-40.355,71.07,O,OE1
ATOM, GLU, A, 127,-4.479,-4.054,-38.787,57.71,O,OE2
ATOM, GLU, A, 128,-6.1,-8.897,-42.163,34.2,N,N
ATOM, GLU, A, 128,-6.073,-9.558,-43.447,45.97,C,CA
ATOM, GLU, A, 128,-4.709,-9.388,-44.142,43.38,C,C
ATOM, GLU, A, 128,-3.976,-10.371,-44.339,55.56,O,O
ATOM, GLU, A, 128,-7.194,-9.014,-44.315,35.1,C,CB
ATOM, GLU, A, 128,-7.633,-9.983,-45.383,44.01,C,CG
ATOM, GLU, A, 128,-8.489,-9.309,-46.428,58.29,C,CD
ATOM, GLU, A, 128,-9.076,-10.029,-47.259,51.71,O,OE1
ATOM, GLU, A, 128,-8.582,-8.054,-46.406,60.91,O,OE2
HETATM, HCS, B, 2,-10.068,3.496,-62.822,75.86,N,N
HETATM, HCS, B, 2,-10.867,2.293,-62.755,73.55,C,CA
HETATM, HCS, B, 2,-12.361,2.52,-62.461,68.87,C,CB
HETATM, HCS, B, 2,-12.659,2.059,-61.062,76.91,C,CG
HETATM, HCS, B, 2,-13.991,0.914,-61.23,73.63,S,SD
HETATM, HCS, B, 2,-10.775,1.557,-64.079,73.87,C,C
HETATM, HCS, B, 2,-11.661,0.847,-64.559,71.71,O,O
ATOM, GLU, B, 3,-9.632,1.741,-64.72,71.4,N,N
ATOM, GLU, B, 3,-9.5,1.245,-66.079,72.79,C,CA
ATOM, GLU, B, 3,-9.246,-0.242,-66.073,68.64,C,C
ATOM, GLU, B, 3,-8.337,-0.715,-65.406,75.69,O,O
ATOM, GLU, B, 3,-8.401,1.991,-66.827,70.46,C,CB
ATOM, GLU, B, 3,-8.905,3.316,-67.397,83.83,C,CG
ATOM, GLU, B, 3,-7.939,3.934,-68.389,92.78,C,CD
ATOM, GLU, B, 3,-7.613,5.133,-68.24,85.23,O,OE1
ATOM, GLU, B, 3,-7.502,3.216,-69.315,91.06,O,OE2
ATOM, GLY, B, 4,-10.074,-0.967,-66.82,70.75,N,N
ATOM, GLY, B, 4,-10.048,-2.414,-66.817,63.55,C,CA
ATOM, GLY, B, 4,-10.864,-2.989,-65.675,70.75,C,C
ATOM, GLY, B, 4,-10.669,-4.144,-65.294,79.01,O,O
HETATM, HCS, B, 5,-11.786,-2.19,-65.138,67.31,N,N
HETATM, HCS, B, 5,-12.561,-2.595,-63.98,67.34,C,CA
HETATM, HCS, B, 5,-13.117,-1.431,-63.118,61.93,C,CB
HETATM, HCS, B, 5,-14.197,-0.632,-63.811,76.18,C,CG
HETATM, HCS, B, 5,-15.245,0.178,-62.618,77.79,S,SD
HETATM, HCS, B, 5,-13.774,-3.458,-64.314,71.98,C,C
HETATM, HCS, B, 5,-14.224,-4.299,-63.541,80.22,O,O
ATOM, PHE, B, 6,-14.349,-3.259,-65.494,71.08,N,N
ATOM, PHE, B, 6,-15.591,-3.964,-65.79,69.47,C,CA
ATOM, PHE, B, 6,-15.296,-5.393,-66.196,76.69,C,C
ATOM, PHE, B, 6,-15.162,-5.733,-67.37,78.45,O,O
ATOM, PHE, B, 6,-16.396,-3.223,-66.845,67.34,C,CB
ATOM, PHE, B, 6,-16.979,-1.943,-66.335,69.15,C,CG
ATOM, PHE, B, 6,-17.93,-1.955,-65.325,69.28,C,CD1
ATOM, PHE, B, 6,-16.554,-0.726,-66.831,60.31,C,CD2
ATOM, PHE, B, 6,-18.465,-0.775,-64.837,65.47,C,CE1
ATOM, PHE, B, 6,-17.097,0.461,-66.349,60.16,C,CE2
ATOM, PHE, B, 6,-18.047,0.435,-65.35,55.11,C,CZ
ATOM, THR, B, 7,-15.183,-6.217,-65.162,86.58,N,N
ATOM, THR, B, 7,-14.896,-7.638,-65.242,82.59,C,CA
ATOM, THR, B, 7,-16.102,-8.376,-64.666,80.17,C,C
ATOM, THR, B, 7,-16.926,-7.784,-63.963,73.67,O,O
ATOM, THR, B, 7,-13.573,-7.929,-64.485,68.55,C,CB
ATOM, THR, B, 7,-12.469,-7.519,-65.296,75.56,O,OG1
ATOM, THR, B, 7,-13.375,-9.374,-64.169,77.67,C,CG2
ATOM, SER, B, 8,-16.265,-9.655,-65.01,85.98,N,N
ATOM, SER, B, 8,-17.233,-10.457,-64.267,85.66,C,CA
ATOM, SER, B, 8,-16.927,-10.403,-62.778,85.05,C,C
ATOM, SER, B, 8,-17.83,-10.366,-61.946,85.17,O,O
ATOM, SER, B, 8,-17.211,-11.903,-64.76,82.51,C,CB
ATOM, SER, B, 8,-16.008,-12.563,-64.371,77.8,O,OG
ATOM, ASP, B, 9,-15.65,-10.374,-62.426,77.65,N,N
ATOM, ASP, B, 9,-15.225,-10.282,-61.033,79.14,C,CA
ATOM, ASP, B, 9,-15.582,-8.954,-60.355,79.16,C,C
ATOM, ASP, B, 9,-15.422,-8.848,-59.136,71.45,O,O
ATOM, ASP, B, 9,-13.725,-10.557,-60.899,75.63,C,CB
ATOM, ASP, B, 9,-13.383,-12.03,-61.149,88.2,C,CG
ATOM, ASP, B, 9,-12.191,-12.387,-61.305,93.16,O,OD1
ATOM, ASP, B, 9,-14.334,-12.852,-61.15,84.22,O,OD2
ATOM, LEU, B, 10,-16.069,-7.96,-61.105,75.95,N,N
ATOM, LEU, B, 10,-16.32,-6.636,-60.539,72.85,C,CA
ATOM, LEU, B, 10,-17.268,-6.71,-59.351,65.58,C,C
ATOM, LEU, B, 10,-16.942,-6.227,-58.263,61.11,O,O
ATOM, LEU, B, 10,-16.87,-5.7,-61.631,65.74,C,CB
ATOM, LEU, B, 10,-16.988,-4.198,-61.372,67.41,C,CG
ATOM, LEU, B, 10,-18.27,-3.883,-60.632,65.51,C,CD1
ATOM, LEU, B, 10,-15.77,-3.693,-60.6,56.56,C,CD2
ATOM, SER, B, 11,-18.453,-7.301,-59.542,73.16,N,N
ATOM, SER, B, 11,-19.466,-7.288,-58.484,73,C,CA
ATOM, SER, B, 11,-18.949,-7.916,-57.191,71.14,C,C
ATOM, SER, B, 11,-19.282,-7.453,-56.089,64.69,O,O
ATOM, SER, B, 11,-20.727,-8.011,-58.956,71.17,C,CB
ATOM, SER, B, 11,-21.889,-7.469,-58.351,76.93,O,OG
ATOM, LYS, B, 12,-18.114,-8.946,-57.301,63.24,N,N
ATOM, LYS, B, 12,-17.572,-9.571,-56.106,59.44,C,CA
ATOM, LYS, B, 12,-16.445,-8.736,-55.509,58.4,C,C
ATOM, LYS, B, 12,-16.421,-8.507,-54.3,53.1,O,O
ATOM, LYS, B, 12,-17.114,-11,-56.404,56.1,C,CB
ATOM, LYS, B, 12,-18.234,-11.906,-56.97,80.02,C,CG
ATOM, LYS, B, 12,-17.639,-12.928,-57.936,79.07,C,CD
ATOM, LYS, B, 12,-16.985,-12.235,-59.039,85.97,C,CE
ATOM, LYS, B, 12,-17.925,-11.106,-59.447,73.66,N,NZ
ATOM, GLN, B, 13,-15.525,-8.249,-56.347,60.51,N,N
ATOM, GLN, B, 13,-14.452,-7.378,-55.868,60.17,C,CA
ATOM, GLN, B, 13,-15.007,-6.204,-55.077,52,C,C
ATOM, GLN, B, 13,-14.353,-5.687,-54.165,51.98,O,O
ATOM, GLN, B, 13,-13.617,-6.866,-57.052,64.91,C,CB
ATOM, GLN, B, 13,-12.927,-7.95,-57.894,72.7,C,CG
ATOM, GLN, B, 13,-11.814,-8.673,-57.158,85.06,C,CD
ATOM, GLN, B, 13,-11.887,-9.886,-56.922,87.44,O,OE1
ATOM, GLN, B, 13,-10.771,-7.932,-56.794,83.98,N,NE2
ATOM, MET, B, 14,-16.218,-5.789,-55.406,47.64,N,N
ATOM, MET, B, 14,-16.879,-4.637,-54.836,52,C,CA
ATOM, MET, B, 14,-17.554,-4.958,-53.502,57,C,C
ATOM, MET, B, 14,-17.436,-4.186,-52.54,44.79,O,O
ATOM, MET, B, 14,-17.87,-4.133,-55.877,60.83,C,CB
ATOM, MET, B, 14,-18.826,-3.081,-55.463,70.02,C,CG
ATOM, MET, B, 14,-19.522,-2.495,-57.017,80.91,S,SD
ATOM, MET, B, 14,-18.066,-1.797,-57.774,63.26,C,CE
ATOM, GLU, B, 15,-18.253,-6.094,-53.428,45.54,N,N
ATOM, GLU, B, 15,-18.727,-6.595,-52.139,51.5,C,CA
ATOM, GLU, B, 15,-17.566,-6.798,-51.157,45.56,C,C
ATOM, GLU, B, 15,-17.68,-6.487,-49.961,36.83,O,O
ATOM, GLU, B, 15,-19.494,-7.901,-52.35,48.66,C,CB
ATOM, GLU, B, 15,-20.203,-8.386,-51.101,60.71,C,CG
ATOM, GLU, B, 15,-21.626,-8.815,-51.369,56.81,C,CD
ATOM, GLU, B, 15,-21.826,-9.992,-51.722,56.64,O,OE1
ATOM, GLU, B, 15,-22.535,-7.976,-51.23,60.72,O,OE2
ATOM, GLU, B, 16,-16.426,-7.28,-51.654,41.63,N,N
ATOM, GLU, B, 16,-15.274,-7.503,-50.791,43.48,C,CA
ATOM, GLU, B, 16,-14.769,-6.198,-50.183,48.72,C,C
ATOM, GLU, B, 16,-14.377,-6.157,-49.009,33.74,O,O
ATOM, GLU, B, 16,-14.176,-8.194,-51.585,46.85,C,CB
ATOM, GLU, B, 16,-13.013,-8.684,-50.763,57.48,C,CG
ATOM, GLU, B, 16,-12.103,-9.604,-51.565,68,C,CD
ATOM, GLU, B, 16,-10.904,-9.278,-51.706,83.54,O,OE1
ATOM, GLU, B, 16,-12.59,-10.643,-52.062,75.68,O,OE2
ATOM, GLU, B, 17,-14.751,-5.118,-50.963,45.7,N,N
ATOM, GLU, B, 17,-14.323,-3.844,-50.394,40,C,CA
ATOM, GLU, B, 17,-15.363,-3.318,-49.405,32.2,C,C
ATOM, GLU, B, 17,-15.014,-2.677,-48.409,36.31,O,O
ATOM, GLU, B, 17,-14.059,-2.829,-51.513,50.32,C,CB
ATOM, GLU, B, 17,-13.824,-1.397,-51.041,45.29,C,CG
ATOM, GLU, B, 17,-12.46,-1.229,-50.383,54.92,C,CD
ATOM, GLU, B, 17,-11.721,-2.236,-50.294,56.38,O,OE1
ATOM, GLU, B, 17,-12.129,-0.101,-49.945,54.49,O,OE2
ATOM, ALA, B, 18,-16.647,-3.57,-49.672,34.52,N,N
ATOM, ALA, B, 18,-17.694,-3.178,-48.73,39.85,C,CA
ATOM, ALA, B, 18,-17.524,-3.888,-47.39,31.29,C,C
ATOM, ALA, B, 18,-17.669,-3.258,-46.331,29.75,O,O
ATOM, ALA, B, 18,-19.083,-3.469,-49.309,31.88,C,CB
ATOM, VAL, B, 19,-17.205,-5.191,-47.417,33.24,N,N
ATOM, VAL, B, 19,-16.971,-5.912,-46.161,31.74,C,CA
ATOM, VAL, B, 19,-15.737,-5.369,-45.461,25.61,C,C
ATOM, VAL, B, 19,-15.756,-5.129,-44.251,27.87,O,O
ATOM, VAL, B, 19,-16.91,-7.449,-46.369,39.09,C,CB
ATOM, VAL, B, 19,-18.048,-7.938,-47.239,34.24,C,CG1
ATOM, VAL, B, 19,-15.602,-7.919,-46.917,53.9,C,CG2
ATOM, ARG, B, 20,-14.666,-5.086,-46.215,28.29,N,N
ATOM, ARG, B, 20,-13.476,-4.481,-45.618,27.45,C,CA
ATOM, ARG, B, 20,-13.794,-3.167,-44.917,25.97,C,C
ATOM, ARG, B, 20,-13.302,-2.907,-43.799,24.93,O,O
ATOM, ARG, B, 20,-12.407,-4.276,-46.711,35.75,C,CB
ATOM, ARG, B, 20,-11.018,-3.982,-46.203,45.84,C,CG
ATOM, ARG, B, 20,-10.099,-3.447,-47.326,64.15,C,CD
ATOM, ARG, B, 20,-10.479,-2.099,-47.759,51.83,N,NE
ATOM, ARG, B, 20,-10.076,-0.975,-47.171,56.92,C,CZ
ATOM, ARG, B, 20,-9.246,-1.034,-46.131,48.42,N,NH1
ATOM, ARG, B, 20,-10.502,0.206,-47.622,48.68,N,NH2
ATOM, LEU, B, 21,-14.59,-2.302,-45.568,27.12,N,N
ATOM, LEU, B, 21,-14.969,-1.03,-44.96,31.61,C,CA
ATOM, LEU, B, 21,-15.828,-1.224,-43.717,19.83,C,C
ATOM, LEU, B, 21,-15.696,-0.456,-42.746,22.44,O,O
ATOM, LEU, B, 21,-15.725,-0.162,-45.966,38.19,C,CB
ATOM, LEU, B, 21,-14.785,0.442,-47.001,34.98,C,CG
ATOM, LEU, B, 21,-15.617,1.203,-48.027,52.32,C,CD1
ATOM, LEU, B, 21,-13.726,1.319,-46.33,33.54,C,CD2
ATOM, PHE, B, 22,-16.76,-2.18,-43.766,22.09,N,N
ATOM, PHE, B, 22,-17.554,-2.509,-42.587,23.8,C,CA
ATOM, PHE, B, 22,-16.641,-2.864,-41.411,19.12,C,C
ATOM, PHE, B, 22,-16.808,-2.348,-40.307,22.59,O,O
ATOM, PHE, B, 22,-18.514,-3.661,-42.91,24.85,C,CB
ATOM, PHE, B, 22,-19.283,-4.204,-41.716,24.26,C,CG
ATOM, PHE, B, 22,-20.22,-3.441,-41.037,25.6,C,CD1
ATOM, PHE, B, 22,-19.052,-5.492,-41.279,20.69,C,CD2
ATOM, PHE, B, 22,-20.912,-3.97,-39.94,27.73,C,CE1
ATOM, PHE, B, 22,-19.777,-6.047,-40.201,23.24,C,CE2
ATOM, PHE, B, 22,-20.656,-5.307,-39.516,21.35,C,CZ
ATOM, ILE, B, 23,-15.645,-3.718,-41.644,27.92,N,N
ATOM, ILE, B, 23,-14.727,-4.097,-40.563,21.22,C,CA
ATOM, ILE, B, 23,-13.95,-2.896,-40.059,19.57,C,C
ATOM, ILE, B, 23,-13.773,-2.714,-38.845,19.91,O,O
ATOM, ILE, B, 23,-13.79,-5.233,-41.028,22.31,C,CB
ATOM, ILE, B, 23,-14.569,-6.459,-41.542,27.35,C,CG1
ATOM, ILE, B, 23,-12.792,-5.602,-39.924,22.47,C,CG2
ATOM, ILE, B, 23,-15.549,-7.06,-40.599,31.61,C,CD1
ATOM, GLU, B, 24,-13.474,-2.042,-40.97,20.42,N,N
ATOM, GLU, B, 24,-12.8,-0.807,-40.547,22.14,C,CA
ATOM, GLU, B, 24,-13.701,0.063,-39.66,22,C,C
ATOM, GLU, B, 24,-13.245,0.664,-38.669,22.06,O,O
ATOM, GLU, B, 24,-12.36,-0.005,-41.775,27.14,C,CB
ATOM, GLU, B, 24,-11.141,-0.522,-42.502,29.46,C,CG
ATOM, GLU, B, 24,-9.997,-0.811,-41.553,39.49,C,CD
ATOM, GLU, B, 24,-9.535,0.134,-40.88,39.25,O,OE1
ATOM, GLU, B, 24,-9.577,-1.994,-41.463,46.99,O,OE2
ATOM, TRP, B, 25,-14.959,0.198,-40.052,22.45,N,N
ATOM, TRP, B, 25,-15.945,0.948,-39.267,23.59,C,CA
ATOM, TRP, B, 25,-16.081,0.374,-37.86,18.74,C,C
ATOM, TRP, B, 25,-16.086,1.118,-36.869,17.67,O,O
ATOM, TRP, B, 25,-17.276,0.874,-40.02,18.5,C,CB
ATOM, TRP, B, 25,-18.44,1.7,-39.506,26.55,C,CG
ATOM, TRP, B, 25,-18.498,3.067,-39.348,34.25,C,CD1
ATOM, TRP, B, 25,-19.721,1.202,-39.19,24.25,C,CD2
ATOM, TRP, B, 25,-19.747,3.431,-38.917,27.83,N,NE1
ATOM, TRP, B, 25,-20.516,2.299,-38.801,32.7,C,CE2
ATOM, TRP, B, 25,-20.273,-0.085,-39.162,26.63,C,CE3
ATOM, TRP, B, 25,-21.848,2.152,-38.403,29.43,C,CZ2
ATOM, TRP, B, 25,-21.6,-0.221,-38.764,30.83,C,CZ3
ATOM, TRP, B, 25,-22.357,0.895,-38.379,32.6,C,CH2
ATOM, LEU, B, 26,-16.208,-0.976,-37.761,17.57,N,N
ATOM, LEU, B, 26,-16.236,-1.652,-36.457,20.06,C,CA
ATOM, LEU, B, 26,-15.011,-1.339,-35.621,22.22,C,C
ATOM, LEU, B, 26,-15.116,-1.081,-34.409,20.37,O,O
ATOM, LEU, B, 26,-16.326,-3.173,-36.645,14,C,CB
ATOM, LEU, B, 26,-17.551,-3.705,-37.357,14.5,C,CG
ATOM, LEU, B, 26,-17.465,-5.277,-37.412,15.83,C,CD1
ATOM, LEU, B, 26,-18.828,-3.233,-36.614,15.91,C,CD2
ATOM, LYS, B, 27,-13.827,-1.342,-36.248,16.25,N,N
ATOM, LYS, B, 27,-12.621,-1.06,-35.486,20.93,C,CA
ATOM, LYS, B, 27,-12.62,0.355,-34.949,24.66,C,C
ATOM, LYS, B, 27,-11.999,0.638,-33.907,22.63,O,O
ATOM, LYS, B, 27,-11.382,-1.306,-36.357,25.07,C,CB
ATOM, LYS, B, 27,-11.077,-2.785,-36.518,27.62,C,CG
ATOM, LYS, B, 27,-10.454,-3.09,-37.883,39.05,C,CD
ATOM, LYS, B, 27,-9.078,-2.525,-38.05,46.7,C,CE
ATOM, LYS, B, 27,-8.38,-3.216,-39.19,46.19,N,NZ
ATOM, ASN, B, 28,-13.294,1.253,-35.646,23.81,N,N
ATOM, ASN, B, 28,-13.497,2.616,-35.194,26.99,C,CA
ATOM, ASN, B, 28,-14.661,2.773,-34.206,31.11,C,C
ATOM, ASN, B, 28,-14.999,3.913,-33.875,27.77,O,O
ATOM, ASN, B, 28,-13.754,3.513,-36.411,33.93,C,CB
ATOM, ASN, B, 28,-12.521,3.64,-37.327,42.3,C,CG
ATOM, ASN, B, 28,-11.389,3.499,-36.88,37.78,O,OD1
ATOM, ASN, B, 28,-12.754,3.918,-38.611,49.06,N,ND2
ATOM, GLY, B, 29,-15.296,1.684,-33.755,25.19,N,N
ATOM, GLY, B, 29,-16.427,1.816,-32.852,23.68,C,CA
ATOM, GLY, B, 29,-17.682,2.34,-33.523,19.69,C,C
ATOM, GLY, B, 29,-18.603,2.786,-32.841,24.62,O,O
ATOM, GLY, B, 30,-17.76,2.21,-34.84,19.37,N,N
ATOM, GLY, B, 30,-18.763,2.854,-35.649,24.18,C,CA
ATOM, GLY, B, 30,-20.198,2.662,-35.229,25.85,C,C
ATOM, GLY, B, 30,-20.946,3.647,-35.123,25.24,O,O
ATOM, PRO, B, 31,-20.649,1.413,-35.025,24.44,N,N
ATOM, PRO, B, 31,-22.078,1.226,-34.699,20.9,C,CA
ATOM, PRO, B, 31,-22.585,2.056,-33.531,25.71,C,C
ATOM, PRO, B, 31,-23.772,2.402,-33.528,26.09,O,O
ATOM, PRO, B, 31,-22.178,-0.278,-34.39,22.02,C,CB
ATOM, PRO, B, 31,-21.109,-0.886,-35.227,21.46,C,CG
ATOM, PRO, B, 31,-19.944,0.111,-35.161,19.77,C,CD
ATOM, SER, B, 32,-21.76,2.376,-32.524,22.15,N,N
ATOM, SER, B, 32,-22.26,3.131,-31.387,23.13,C,CA
ATOM, SER, B, 32,-21.635,4.525,-31.273,25.43,C,C
ATOM, SER, B, 32,-21.905,5.244,-30.308,22.32,O,O
ATOM, SER, B, 32,-22.051,2.319,-30.092,21.53,C,CB
ATOM, SER, B, 32,-20.685,1.975,-29.929,23.87,O,OG
ATOM, SER, B, 33,-20.836,4.935,-32.239,22.59,N,N
ATOM, SER, B, 33,-20.09,6.169,-32.097,25.31,C,CA
ATOM, SER, B, 33,-21.011,7.384,-32.309,25.65,C,C
ATOM, SER, B, 33,-21.766,7.43,-33.293,24.99,O,O
ATOM, SER, B, 33,-18.958,6.223,-33.108,22.35,C,CB
ATOM, SER, B, 33,-18.443,7.547,-33.055,22.63,O,OG
ATOM, GLY, B, 34,-20.905,8.379,-31.43,26.45,N,N
ATOM, GLY, B, 34,-21.564,9.663,-31.707,27.27,C,CA
ATOM, GLY, B, 34,-20.631,10.727,-32.279,36.57,C,C
ATOM, GLY, B, 34,-20.969,11.925,-32.29,22.21,O,O
ATOM, ALA, B, 35,-19.461,10.321,-32.778,30.93,N,N
ATOM, ALA, B, 35,-18.447,11.299,-33.195,30.69,C,CA
ATOM, ALA, B, 35,-18.923,12.1,-34.405,29.69,C,C
ATOM, ALA, B, 35,-19.679,11.591,-35.239,27.07,O,O
ATOM, ALA, B, 35,-17.109,10.607,-33.533,25.64,C,CB
ATOM, PRO, B, 36,-18.508,13.365,-34.517,28.2,N,N
ATOM, PRO, B, 36,-18.862,14.137,-35.709,28.77,C,CA
ATOM, PRO, B, 36,-18.336,13.455,-36.954,31.44,C,C
ATOM, PRO, B, 36,-17.265,12.821,-36.929,34.85,O,O
ATOM, PRO, B, 36,-18.175,15.494,-35.478,34.89,C,CB
ATOM, PRO, B, 36,-17.804,15.571,-33.988,20.36,C,CG
ATOM, PRO, B, 36,-17.632,14.091,-33.575,26.44,C,CD
ATOM, PRO, B, 37,-19.042,13.584,-38.091,39.92,N,N
ATOM, PRO, B, 37,-18.58,12.946,-39.331,47.97,C,CA
ATOM, PRO, B, 37,-17.373,13.672,-39.924,56.17,C,C
ATOM, PRO, B, 37,-17.233,14.868,-39.638,52.03,O,O
ATOM, PRO, B, 37,-19.805,13.047,-40.252,42,C,CB
ATOM, PRO, B, 37,-20.489,14.323,-39.809,61.51,C,CG
ATOM, PRO, B, 37,-20.18,14.501,-38.325,56.75,C,CD
HETATM, HOH, A, 201,-27.786,-13.321,-37.769,42,O,O
HETATM, HOH, A, 202,-27.674,-8.915,-29.378,28.11,O,O
HETATM, HOH, A, 203,-19.696,-16.23,-20.933,41.51,O,O
HETATM, HOH, A, 204,-1.372,-12.29,-22.522,49.23,O,O
HETATM, HOH, A, 205,-23.77,-17.315,-20.317,42.99,O,O
HETATM, HOH, A, 206,-2.998,-3.727,-36.877,47.47,O,O
HETATM, HOH, A, 207,-13.329,-12.93,-29.804,20.12,O,O
HETATM, HOH, A, 208,-6.893,-6.446,-42.114,39.36,O,O
HETATM, HOH, A, 209,-6.296,-1.197,-23.422,18.02,O,O
HETATM, HOH, A, 210,-9.278,-7.487,-38.186,19.94,O,O
HETATM, HOH, A, 211,1.909,-10.248,-31.5,24.19,O,O
HETATM, HOH, A, 212,-10.037,3.525,-20.673,33.09,O,O
HETATM, HOH, A, 213,-10.595,-1.733,-27.806,39.98,O,O
HETATM, HOH, A, 214,-18.231,-14.038,-25.178,36.76,O,O
HETATM, HOH, A, 215,-14.101,-12.372,-25.002,29.85,O,O
HETATM, HOH, A, 216,-10.514,-16.709,-33.928,34.25,O,O
HETATM, HOH, A, 217,-13.861,-0.912,-31.874,21.41,O,O
HETATM, HOH, A, 218,-8.097,-18.699,-30.05,50.55,O,O
HETATM, HOH, A, 219,1.747,-8.874,-34.493,40,O,O
HETATM, HOH, A, 220,-28.444,-16.941,-22.799,22.08,O,O
HETATM, HOH, A, 221,-17.638,-13.001,-42.413,26.4,O,O
HETATM, HOH, A, 222,-12.704,-0.173,-13.274,43.92,O,O
HETATM, HOH, A, 223,-3.32,-8.732,-32.436,17.18,O,O
HETATM, HOH, A, 224,-9.78,0.18,-29.219,33.5,O,O
HETATM, HOH, A, 225,-3.188,-17.922,-36.887,36.68,O,O
HETATM, HOH, A, 226,-7.608,-17.402,-32.19,29.13,O,O
HETATM, HOH, A, 227,-19.604,-0.294,-27.679,37.65,O,O
HETATM, HOH, A, 228,1.541,-3.754,-29.583,31.65,O,O
HETATM, HOH, A, 229,-2.638,14.636,-22.177,31.91,O,O
HETATM, HOH, A, 230,-5.026,-11.407,-18.474,44.05,O,O
HETATM, HOH, A, 231,-14.091,-1.621,-12.254,44.96,O,O
HETATM, HOH, A, 232,-17.379,-4.69,-15.356,50.33,O,O
HETATM, HOH, A, 233,-15.568,-16.259,-40.543,33.59,O,O
HETATM, HOH, A, 234,-2.343,10.518,-23.91,35.03,O,O
HETATM, HOH, A, 235,-9.971,-13.598,-22.365,38.29,O,O
HETATM, HOH, A, 236,-3.62,-7.503,-10.22,46.57,O,O
HETATM, HOH, A, 237,-26.8,-8.629,-31.947,20.28,O,O
HETATM, HOH, A, 238,-12.775,-17.573,-42.477,34.46,O,O
HETATM, HOH, A, 239,-17.847,-11.972,-46.486,45.53,O,O
HETATM, HOH, A, 240,-3.584,-2.857,-33.906,29.03,O,O
HETATM, HOH, A, 241,-11.388,-15.256,-26.673,31.17,O,O
HETATM, HOH, A, 242,-15.609,-10.976,-17.576,30.87,O,O
HETATM, HOH, A, 243,-18.645,-15.643,-29.339,30.98,O,O
HETATM, HOH, A, 244,0.174,-9.54,-18.788,30.05,O,O
HETATM, HOH, A, 245,-27.237,-19.222,-20.397,41.62,O,O
HETATM, HOH, A, 246,-4.427,4.053,-15.788,45.76,O,O
HETATM, HOH, A, 247,-6.042,13.61,-31.404,30.85,O,O
HETATM, HOH, A, 248,-14.612,0.003,-24.892,26.82,O,O
HETATM, HOH, A, 249,-17.906,-10.994,-19.244,25.74,O,O
HETATM, HOH, A, 250,-21.509,-16.123,-25.049,22.75,O,O
HETATM, HOH, A, 251,-24.528,-18.274,-35.018,31.01,O,O
HETATM, HOH, A, 252,-24.315,-18.094,-32.313,41.92,O,O
HETATM, HOH, A, 253,-17.004,-10.311,-21.776,30.68,O,O
HETATM, HOH, A, 254,-5.813,-1.538,-38.218,52.21,O,O
HETATM, HOH, A, 255,-13.653,-15.196,-31.582,21.83,O,O
HETATM, HOH, A, 256,-13.056,-0.305,-16.01,33.03,O,O
HETATM, HOH, A, 257,-3.425,-2.904,-8.852,48.93,O,O
HETATM, HOH, A, 258,-13.682,0.106,-22.713,24.82,O,O
HETATM, HOH, A, 259,-5.822,4.729,-26.785,26.67,O,O
HETATM, HOH, A, 260,-11.388,1.808,-18.382,27.62,O,O
HETATM, HOH, A, 261,-20.47,-3.161,-23.823,30.14,O,O
HETATM, HOH, A, 262,-6.945,-1.131,-32.621,32.2,O,O
HETATM, HOH, A, 263,-22.211,-20.361,-24.754,47.66,O,O
HETATM, HOH, A, 264,-22.82,-1.647,-27.908,45.87,O,O
HETATM, HOH, A, 265,-0.917,-8.356,-13.01,49.37,O,O
HETATM, HOH, A, 266,-0.391,-10.49,-38.833,47.63,O,O
HETATM, HOH, A, 267,-6.106,-12.776,-20.97,29.88,O,O
HETATM, HOH, A, 268,-1.637,-4.482,-10.423,39.64,O,O
HETATM, HOH, A, 269,-9.065,12.224,-21.912,47.55,O,O
HETATM, HOH, A, 270,-16.779,1.297,-28.999,28.81,O,O
HETATM, HOH, A, 271,-5.869,-19.417,-29.889,43.81,O,O
HETATM, HOH, A, 272,-18.66,-13.041,-28.709,31.59,O,O
HETATM, HOH, A, 273,2.474,-4.404,-15.182,37.85,O,O
HETATM, HOH, A, 274,-8.978,-22.271,-39.763,44.7,O,O
HETATM, HOH, A, 275,-7.01,-10.615,-17.122,37.18,O,O
HETATM, HOH, A, 276,-15.645,-16.874,-51.049,57.83,O,O
HETATM, HOH, A, 277,-18.144,-6.396,-14.249,51.29,O,O
HETATM, HOH, A, 278,-15.082,-0.786,-20.036,31.87,O,O
HETATM, HOH, A, 279,-4.98,1.379,-30.162,30.86,O,O
HETATM, HOH, A, 280,-8.88,-11.624,-17.869,51.08,O,O
HETATM, HOH, A, 281,-24.212,-15.532,-41.795,43.48,O,O
HETATM, HOH, A, 282,0,0,-14.947,11.92,O,O
HETATM, HOH, A, 283,-1.066,11.167,-21.152,43.36,O,O
HETATM, HOH, A, 284,-5.266,4.767,-19.073,37.37,O,O
HETATM, HOH, A, 285,-17.556,-15.677,-43.017,42.18,O,O
HETATM, HOH, A, 286,0.096,-1.289,-30.968,44.37,O,O
HETATM, HOH, A, 287,-21.866,-17.34,-22.529,44.24,O,O
HETATM, HOH, A, 288,-1.343,2.423,-13.57,30.76,O,O
HETATM, HOH, A, 289,-0.406,-2.673,-33.629,45.44,O,O
HETATM, HOH, A, 290,-12.161,-19.239,-30.484,48.96,O,O
HETATM, HOH, A, 291,-15.914,5.748,-29.951,54.91,O,O
HETATM, HOH, A, 292,-0.896,3.613,-11.261,34.6,O,O
HETATM, HOH, A, 293,-24.872,-16.106,-39.205,37.74,O,O
HETATM, HOH, A, 294,-15.761,-12.697,-22.803,41.45,O,O
HETATM, HOH, A, 295,-13.962,-14.055,-27.306,43.85,O,O
HETATM, HOH, A, 296,-4.849,-0.645,-34.501,44.73,O,O
HETATM, HOH, A, 297,-13.747,-17.853,-30.321,48.51,O,O
HETATM, HOH, A, 298,-13.031,-18.565,-35.983,47.57,O,O
HETATM, HOH, A, 299,-12.731,1.834,-20.664,39.88,O,O
HETATM, HOH, A, 300,-27.401,-4.633,-38.383,43.47,O,O
HETATM, HOH, A, 301,-1.816,-14.834,-20.929,44.87,O,O
HETATM, HOH, A, 302,3.521,-5.877,-18.166,50.19,O,O
HETATM, HOH, A, 303,-4.257,3.978,-29.013,34.33,O,O
HETATM, HOH, A, 304,-12.604,-18.841,-33.296,60.98,O,O
HETATM, HOH, A, 305,-4.875,-6.1,-7.828,55.41,O,O
HETATM, HOH, B, 101,-9.218,4.713,-61.56,66.83,O,O
HETATM, HOH, B, 102,-8.302,-5.581,-39.854,40.86,O,O
HETATM, HOH, B, 103,-13.808,-2.181,-67.921,61.53,O,O
HETATM, HOH, B, 104,-22.983,5.395,-35.534,34.5,O,O
HETATM, HOH, B, 105,-15.769,7.446,-32.408,40.13,O,O
HETATM, HOH, B, 106,-10.823,-4.195,-42.76,37.95,O,O
HETATM, HOH, B, 107,-18.015,3.51,-29.937,41.69,O,O
HETATM, HOH, B, 108,-18.698,8.177,-29.27,41.73,O,O
HETATM, HOH, B, 109,-14.545,7.063,-37.416,58.66,O,O
HETATM, HOH, B, 110,-16.034,6.158,-39.31,50.21,O,O
HETATM, HOH, B, 111,-25.845,0,-36.612,38.19,O,O
HETATM, HOH, B, 112,-17.858,5.71,-28.452,56.16,O,O
HETATM, HOH, B, 113,-26.234,2.576,-38.454,43.46,O,O
CONECT,159,355
CONECT,278,622
CONECT,355,159
CONECT,459,800
CONECT,622,278
CONECT,800,459
CONECT,820,821
CONECT,821,820,822,825
CONECT,822,821,823
CONECT,823,822,824
CONECT,824,823,844
CONECT,825,821,826,827
CONECT,826,825
CONECT,827,825
CONECT,838,840
CONECT,840,838,841
CONECT,841,840,842,845
CONECT,842,841,843
CONECT,843,842,844
CONECT,844,824,843
CONECT,845,841,846,847
CONECT,846,845
CONECT,847,845
