HELIX, 4, 28, A
ATOM, GLY, A, 4,20.757,-9.6,15.16,48.57,N,N
ATOM, GLY, A, 4,21.11,-9.588,13.75,47.54,C,CA
ATOM, GLY, A, 4,19.901,-9.698,12.841,45.42,C,C
ATOM, GLY, A, 4,18.799,-9.284,13.207,45.17,O,O
ATOM, GLY, A, 4,20.396,-8.87,15.436,58.33,H,H1
ATOM, GLY, A, 4,21.572,-8.76,13.544,57.08,H,HA2
ATOM, GLY, A, 4,21.701,-10.334,13.563,57.08,H,HA3
HETATM, DTH, A, 5,20.107,-10.261,11.652,42.88,N,N
HETATM, DTH, A, 5,19.024,-10.421,10.679,38.87,C,CA
HETATM, DTH, A, 5,19.244,-11.658,9.778,40.65,C,CB
HETATM, DTH, A, 5,20.575,-11.573,9.042,41.28,C,CG2
HETATM, DTH, A, 5,18.173,-11.752,8.822,41.19,O,OG1
HETATM, DTH, A, 5,18.881,-9.159,9.838,32.6,C,C
HETATM, DTH, A, 5,17.77,-8.837,9.373,30.88,O,O
HETATM, DTH, A, 5,20.867,-10.56,11.382,51.49,H,H
HETATM, DTH, A, 5,18.182,-10.562,11.14,46.68,H,HA
HETATM, DTH, A, 5,19.26,-12.455,10.331,48.81,H,HB
HETATM, DTH, A, 5,20.568,-10.821,8.429,49.57,H,HG21
HETATM, DTH, A, 5,20.729,-12.388,8.539,49.57,H,HG22
HETATM, DTH, A, 5,21.299,-11.454,9.677,49.57,H,HG23
HETATM, DTH, A, 5,17.465,-11.991,9.206,49.47,H,HG1
HETATM, BF7, A, 6,19.949,-8.527,9.442,28.26,N,N
HETATM, BF7, A, 6,19.991,-7.227,8.856,24.05,C,CA
HETATM, BF7, A, 6,19.371,-6.159,9.723,22.95,C,C
HETATM, BF7, A, 6,18.479,-5.404,9.272,20.67,O,O
HETATM, BF7, A, 6,21.422,-6.853,8.491,20.34,C,CB
HETATM, BF7, A, 6,21.498,-5.576,7.656,19.91,C,CG
HETATM, BF7, A, 6,21.582,-5.648,6.28,20.85,C,CD1
HETATM, BF7, A, 6,21.484,-4.333,8.266,20.43,C,CD2
HETATM, BF7, A, 6,21.653,-4.498,5.513,20.53,C,CE1
HETATM, BF7, A, 6,21.556,-3.17,7.501,20,C,CE2
HETATM, BF7, A, 6,21.641,-3.255,6.126,20.34,C,CZ
HETATM, BF7, A, 6,21.762,-1.647,5.047,22.56,BR,BR
HETATM, BF7, A, 6,20.347,-8.983,8.831,33.95,H,H
HETATM, BF7, A, 6,19.453,-7.272,8.051,28.89,H,HA
HETATM, BF7, A, 6,21.813,-7.581,7.983,24.44,H,HB2
HETATM, BF7, A, 6,21.927,-6.721,9.309,24.44,H,HB3
HETATM, BF7, A, 6,21.591,-6.479,5.864,25.06,H,HD1
HETATM, BF7, A, 6,21.426,-4.274,9.192,24.55,H,HD2
HETATM, BF7, A, 6,21.708,-4.559,4.587,24.68,H,HE1
HETATM, BF7, A, 6,21.545,-2.338,7.916,24.04,H,HE2
HETATM, DTH, A, 7,19.835,-6.073,10.955,24.06,N,N
HETATM, DTH, A, 7,19.327,-5.104,11.918,26.01,C,CA
HETATM, DTH, A, 7,20.052,-5.233,13.273,30.06,C,CB
HETATM, DTH, A, 7,19.37,-4.383,14.339,32.6,C,CG2
HETATM, DTH, A, 7,21.417,-4.821,13.129,31.01,O,OG1
HETATM, DTH, A, 7,17.838,-5.287,12.13,25.76,C,C
HETATM, DTH, A, 7,17.073,-4.318,12.145,26.01,O,O
HETATM, DTH, A, 7,20.459,-6.575,11.269,28.91,H,H
HETATM, DTH, A, 7,19.475,-4.207,11.581,31.25,H,HA
HETATM, DTH, A, 7,20.023,-6.157,13.565,36.11,H,HB
HETATM, DTH, A, 7,19.982,-4.218,15.073,39.16,H,HG21
HETATM, DTH, A, 7,18.587,-4.843,14.68,39.16,H,HG22
HETATM, DTH, A, 7,19.096,-3.533,13.96,39.16,H,HG23
HETATM, DTH, A, 7,21.799,-5.29,12.546,37.25,H,HG1
HETATM, DSN, A, 8,17.423,-6.533,12.3,25.55,N,N
HETATM, DSN, A, 8,16.027,-6.85,12.56,26.78,C,CA
HETATM, DSN, A, 8,15.153,-6.555,11.343,24.09,C,C
HETATM, DSN, A, 8,14.054,-6,11.464,24.72,O,O
HETATM, DSN, A, 8,15.88,-8.311,12.968,30.6,C,CB
HETATM, DSN, A, 8,14.509,-8.665,13.084,34.31,O,OG
HETATM, DSN, A, 8,17.936,-7.222,12.269,30.69,H,H
HETATM, DSN, A, 8,15.712,-6.298,13.293,32.17,H,HA
HETATM, DSN, A, 8,16.315,-8.445,13.825,36.76,H,HB2
HETATM, DSN, A, 8,16.296,-8.871,12.294,36.76,H,HB3
HETATM, DSN, A, 8,14.438,-9.442,13.395,41.21,H,HG
HETATM, DAS, A, 9,15.634,-6.935,10.16,22.81,N,N
HETATM, DAS, A, 9,14.898,-6.692,8.93,21.33,C,CA
HETATM, DAS, A, 9,14.818,-5.202,8.631,17.96,C,C
HETATM, DAS, A, 9,13.819,-4.709,8.127,17.09,O,O
HETATM, DAS, A, 9,15.527,-7.439,7.749,24.1,C,CB
HETATM, DAS, A, 9,15.067,-8.877,7.659,29.71,C,CG
HETATM, DAS, A, 9,15.534,-9.592,6.742,32.57,O,OD1
HETATM, DAS, A, 9,14.239,-9.302,8.497,31.22,O,OD2
HETATM, DAS, A, 9,16.386,-7.337,10.048,27.42,H,H
HETATM, DAS, A, 9,13.995,-7.03,9.037,25.64,H,HA
HETATM, DAS, A, 9,16.492,-7.438,7.851,28.96,H,HB2
HETATM, DAS, A, 9,15.28,-6.992,6.924,28.96,H,HB3
HETATM, DTY, A, 10,15.883,-4.464,8.951,16.77,N,N
HETATM, DTY, A, 10,15.848,-3.029,8.725,16.71,C,CA
HETATM, DTY, A, 10,14.806,-2.377,9.639,18.43,C,C
HETATM, DTY, A, 10,14.101,-1.462,9.241,16.48,O,O
HETATM, DTY, A, 10,17.223,-2.379,8.937,19.55,C,CB
HETATM, DTY, A, 10,17.22,-0.903,8.586,19.67,C,CG
HETATM, DTY, A, 10,17.067,-0.482,7.278,20.46,C,CD1
HETATM, DTY, A, 10,17.307,0.058,9.582,21.64,C,CD2
HETATM, DTY, A, 10,17.04,0.87,6.953,22.55,C,CE1
HETATM, DTY, A, 10,17.282,1.401,9.27,21.52,C,CE2
HETATM, DTY, A, 10,17.141,1.797,7.957,23.93,C,CZ
HETATM, DTY, A, 10,17.111,3.139,7.633,27.15,O,OH
HETATM, DTY, A, 10,16.613,-4.767,9.289,20.16,H,H
HETATM, DTY, A, 10,15.606,-2.867,7.799,20.09,H,HA
HETATM, DTY, A, 10,17.875,-2.823,8.372,23.5,H,HB2
HETATM, DTY, A, 10,17.476,-2.468,9.869,23.5,H,HB3
HETATM, DTY, A, 10,16.981,-1.115,6.602,24.59,H,HD1
HETATM, DTY, A, 10,17.383,-0.207,10.471,26,H,HD2
HETATM, DTY, A, 10,16.955,1.141,6.068,27.1,H,HE1
HETATM, DTY, A, 10,17.36,2.038,9.943,25.86,H,HE2
HETATM, DTY, A, 10,17.16,3.604,8.331,32.62,H,HH
HETATM, DSN, A, 11,14.713,-2.871,10.869,18.89,N,N
HETATM, DSN, A, 11,14.718,-2.87,10.87,19.83,N,N
HETATM, DSN, A, 11,13.732,-2.364,11.82,20,C,CA
HETATM, DSN, A, 11,13.735,-2.378,11.826,22.05,C,CA
HETATM, DSN, A, 11,12.316,-2.617,11.31,19.77,C,C
HETATM, DSN, A, 11,12.323,-2.613,11.301,21,C,C
HETATM, DSN, A, 11,11.422,-1.794,11.499,19.99,O,O
HETATM, DSN, A, 11,11.438,-1.777,11.466,21.45,O,O
HETATM, DSN, A, 11,13.923,-3.013,13.191,21.53,C,CB
HETATM, DSN, A, 11,13.912,-3.063,13.181,25.45,C,CB
HETATM, DSN, A, 11,15.179,-2.663,13.744,23.64,O,OG
HETATM, DSN, A, 11,12.99,-2.561,14.132,29.35,O,OG
HETATM, DSN, A, 11,15.209,-3.502,11.178,22.7,H,H
HETATM, DSN, A, 11,15.22,-3.497,11.177,23.83,H,H
HETATM, DSN, A, 11,13.853,-1.408,11.927,24.03,H,HA
HETATM, DSN, A, 11,13.863,-1.425,11.958,26.49,H,HA
HETATM, DSN, A, 11,13.88,-3.977,13.093,25.88,H,HB2
HETATM, DSN, A, 11,14.813,-2.9,13.501,30.58,H,HB2
HETATM, DSN, A, 11,13.22,-2.708,13.785,25.88,H,HB3
HETATM, DSN, A, 11,13.765,-4.016,13.074,30.58,H,HB3
HETATM, DSN, A, 11,15.237,-1.828,13.821,28.4,H,HG
HETATM, DSN, A, 11,13.107,-2.938,14.873,35.26,H,HG
HETATM, DLY, A, 12,12.106,-3.76,10.666,19.7,N,N
HETATM, DLY, A, 12,10.827,-4.095,10.079,19.5,C,CA
HETATM, DLY, A, 12,10.513,-3.163,8.93,18.58,C,C
HETATM, DLY, A, 12,9.379,-2.728,8.746,20.35,O,O
HETATM, DLY, A, 12,10.798,-5.548,9.603,21.74,C,CB
HETATM, DLY, A, 12,10.639,-6.552,10.728,24.32,C,CG
HETATM, DLY, A, 12,10.343,-7.934,10.183,26.96,C,CD
HETATM, DLY, A, 12,9.989,-8.903,11.293,30.05,C,CE
HETATM, DLY, A, 12,9.665,-10.255,10.764,31.45,N,NZ
HETATM, DLY, A, 12,12.701,-4.372,10.562,23.68,H,H
HETATM, DLY, A, 12,10.136,-4,10.753,23.44,H,HA
HETATM, DLY, A, 12,11.632,-5.743,9.147,26.13,H,HB2
HETATM, DLY, A, 12,10.052,-5.663,8.994,26.13,H,HB3
HETATM, DLY, A, 12,9.902,-6.283,11.3,29.23,H,HG2
HETATM, DLY, A, 12,11.46,-6.594,11.243,29.23,H,HG3
HETATM, DLY, A, 12,11.126,-8.272,9.722,32.39,H,HD2
HETATM, DLY, A, 12,9.592,-7.884,9.571,32.39,H,HD3
HETATM, DLY, A, 12,9.213,-8.571,11.772,36.1,H,HE2
HETATM, DLY, A, 12,10.742,-8.986,11.898,36.1,H,HE3
HETATM, DLY, A, 12,8.787,-10.395,10.804,37.78,H,HZ1
HETATM, DLY, A, 12,10.08,-10.877,11.246,37.78,H,HZ2
HETATM, DLY, A, 12,9.93,-10.321,9.917,37.78,H,HZ3
HETATM, DTY, A, 13,11.52,-2.829,8.14,17.27,N,N
HETATM, DTY, A, 13,11.367,-1.88,7.047,16.2,C,CA
HETATM, DTY, A, 13,10.922,-0.535,7.602,17.36,C,C
HETATM, DTY, A, 13,9.979,0.058,7.089,17.58,O,O
HETATM, DTY, A, 13,12.681,-1.725,6.27,16.96,C,CB
HETATM, DTY, A, 13,12.705,-0.522,5.377,18.49,C,CG
HETATM, DTY, A, 13,11.847,-0.42,4.278,19.94,C,CD1
HETATM, DTY, A, 13,13.563,0.54,5.636,19.15,C,CD2
HETATM, DTY, A, 13,11.868,0.691,3.457,22.39,C,CE1
HETATM, DTY, A, 13,13.575,1.659,4.823,20.9,C,CE2
HETATM, DTY, A, 13,12.729,1.724,3.733,22.78,C,CZ
HETATM, DTY, A, 13,12.749,2.833,2.927,27.41,O,OH
HETATM, DTY, A, 13,12.317,-3.142,8.216,20.77,H,H
HETATM, DTY, A, 13,10.7,-2.203,6.421,19.48,H,HA
HETATM, DTY, A, 13,12.81,-2.51,5.715,20.4,H,HB2
HETATM, DTY, A, 13,13.411,-1.641,6.902,20.4,H,HB3
HETATM, DTY, A, 13,11.253,-1.112,4.096,23.97,H,HD1
HETATM, DTY, A, 13,14.137,0.498,6.366,23.02,H,HD2
HETATM, DTY, A, 13,11.301,0.739,2.721,26.9,H,HE1
HETATM, DTY, A, 13,14.151,2.366,5.01,25.11,H,HE2
HETATM, DTY, A, 13,13.239,3.426,3.265,32.93,H,HH
HETATM, DLE, A, 14,11.583,-0.073,8.638,17.54,N,N
HETATM, DLE, A, 14,11.196,1.173,9.311,18.64,C,CA
HETATM, DLE, A, 14,12.138,1.463,10.492,20.86,C,CB
HETATM, DLE, A, 14,13.218,2.535,10.319,25.85,C,CG
HETATM, DLE, A, 14,14.337,2.33,11.332,24.3,C,CD1
HETATM, DLE, A, 14,13.759,2.599,8.907,26.85,C,CD2
HETATM, DLE, A, 14,9.752,1.098,9.801,17.75,C,C
HETATM, DLE, A, 14,8.994,2.063,9.641,17.97,O,O
HETATM, DLE, A, 14,12.27,-0.457,8.985,21.09,H,H
HETATM, DLE, A, 14,11.266,1.909,8.683,22.41,H,HA
HETATM, DLE, A, 14,12.6,0.637,10.707,25.07,H,HB2
HETATM, DLE, A, 14,11.59,1.741,11.243,25.07,H,HB3
HETATM, DLE, A, 14,12.808,3.399,10.484,31.05,H,HG
HETATM, DLE, A, 14,15.049,2.963,11.149,29.2,H,HD11
HETATM, DLE, A, 14,14.672,1.423,11.253,29.2,H,HD12
HETATM, DLE, A, 14,13.986,2.476,12.225,29.2,H,HD13
HETATM, DLE, A, 14,14.604,3.075,8.914,32.26,H,HD21
HETATM, DLE, A, 14,13.121,3.067,8.346,32.26,H,HD22
HETATM, DLE, A, 14,13.889,1.696,8.578,32.26,H,HD23
HETATM, DAS, A, 15,9.392,-0.026,10.393,17.04,N,N
HETATM, DAS, A, 15,8.038,-0.239,10.875,16.51,C,CA
HETATM, DAS, A, 15,7.047,-0.18,9.724,16.62,C,C
HETATM, DAS, A, 15,5.939,0.341,9.852,16.68,O,O
HETATM, DAS, A, 15,7.911,-1.577,11.589,18.6,C,CB
HETATM, DAS, A, 15,8.716,-1.644,12.876,22.02,C,CG
HETATM, DAS, A, 15,9.142,-0.564,13.366,24.28,O,OD1
HETATM, DAS, A, 15,8.924,-2.751,13.384,24.78,O,OD2
HETATM, DAS, A, 15,9.919,-0.692,10.53,20.49,H,H
HETATM, DAS, A, 15,7.822,0.459,11.513,19.85,H,HA
HETATM, DAS, A, 15,8.23,-2.28,11,22.36,H,HB2
HETATM, DAS, A, 15,6.979,-1.729,11.811,22.36,H,HB3
HETATM, DSN, A, 16,7.425,-0.728,8.577,16.33,N,N
HETATM, DSN, A, 16,7.432,-0.725,8.578,16.07,N,N
HETATM, DSN, A, 16,6.577,-0.717,7.395,17.54,C,CA
HETATM, DSN, A, 16,6.591,-0.722,7.391,16.75,C,CA
HETATM, DSN, A, 16,6.341,0.716,6.929,17.79,C,C
HETATM, DSN, A, 16,6.346,0.709,6.925,17.46,C,C
HETATM, DSN, A, 16,5.225,1.088,6.563,17.25,O,O
HETATM, DSN, A, 16,5.228,1.074,6.555,17.2,O,O
HETATM, DSN, A, 16,7.198,-1.539,6.267,19.6,C,CB
HETATM, DSN, A, 16,7.232,-1.539,6.273,17.91,C,CB
HETATM, DSN, A, 16,7.325,-2.902,6.638,21.96,O,OG
HETATM, DSN, A, 16,6.385,-1.641,5.156,18.36,O,OG
HETATM, DSN, A, 16,8.181,-1.12,8.456,19.64,H,H
HETATM, DSN, A, 16,8.191,-1.111,8.46,19.32,H,H
HETATM, DSN, A, 16,5.722,-1.12,7.612,21.09,H,HA
HETATM, DSN, A, 16,5.737,-1.131,7.599,20.14,H,HA
HETATM, DSN, A, 16,8.078,-1.184,6.066,23.56,H,HB2
HETATM, DSN, A, 16,7.42,-2.431,6.606,21.53,H,HB2
HETATM, DSN, A, 16,6.629,-1.478,5.483,23.56,H,HB3
HETATM, DSN, A, 16,8.056,-1.106,6.002,21.53,H,HB3
HETATM, DSN, A, 16,7.821,-2.971,7.312,26.39,H,HG
HETATM, DSN, A, 16,6.74,-2.126,4.569,22.07,H,HG
HETATM, DAR, A, 17,7.385,1.522,6.939,18.87,N,N
HETATM, DAR, A, 17,7.29,2.906,6.545,18.87,C,CA
HETATM, DAR, A, 17,8.647,3.606,6.629,23.21,C,CB
HETATM, DAR, A, 17,9.646,3.197,5.561,28.11,C,CG
HETATM, DAR, A, 17,10.935,4.009,5.677,33.06,C,CD
HETATM, DAR, A, 17,10.719,5.439,5.453,35.71,N,NE
HETATM, DAR, A, 17,10.728,6.022,4.257,38.63,C,CZ
HETATM, DAR, A, 17,10.52,7.33,4.159,39.43,N,NH1
HETATM, DAR, A, 17,10.941,5.307,3.159,39.86,N,NH2
HETATM, DAR, A, 17,6.317,3.656,7.447,17.95,C,C
HETATM, DAR, A, 17,5.473,4.413,6.993,18.13,O,O
HETATM, DAR, A, 17,8.177,1.283,7.175,22.68,H,H
HETATM, DAR, A, 17,6.98,2.933,5.626,22.69,H,HA
HETATM, DAR, A, 17,9.044,3.405,7.491,27.89,H,HB2
HETATM, DAR, A, 17,8.505,4.562,6.544,27.89,H,HB3
HETATM, DAR, A, 17,9.263,3.353,4.684,33.77,H,HG2
HETATM, DAR, A, 17,9.865,2.258,5.666,33.77,H,HG3
HETATM, DAR, A, 17,11.57,3.693,5.015,39.72,H,HD2
HETATM, DAR, A, 17,11.302,3.896,6.568,39.72,H,HD3
HETATM, DAR, A, 17,10.576,5.935,6.14,42.89,H,HE
HETATM, DAR, A, 17,10.38,7.798,4.867,47.36,H,HH11
HETATM, DAR, A, 17,10.525,7.71,3.387,47.36,H,HH12
HETATM, DAR, A, 17,11.075,4.46,3.216,47.87,H,HH21
HETATM, DAR, A, 17,10.945,5.692,2.389,47.87,H,HH22
HETATM, DAR, A, 18,6.433,3.419,8.746,17.76,N,N
HETATM, DAR, A, 18,5.574,4.037,9.725,15.98,C,CA
HETATM, DAR, A, 18,6.037,3.698,11.14,18.97,C,CB
HETATM, DAR, A, 18,5.091,4.155,12.255,26.03,C,CG
HETATM, DAR, A, 18,4.792,5.636,12.181,31.16,C,CD
HETATM, DAR, A, 18,5.997,6.453,12.283,35.78,N,NE
HETATM, DAR, A, 18,6.548,6.842,13.432,38.28,C,CZ
HETATM, DAR, A, 18,6.008,6.487,14.591,39.41,N,NH1
HETATM, DAR, A, 18,7.648,7.588,13.417,39.88,N,NH2
HETATM, DAR, A, 18,4.13,3.6,9.515,15.86,C,C
HETATM, DAR, A, 18,3.194,4.395,9.561,15.98,O,O
HETATM, DAR, A, 18,7.019,2.889,9.087,21.35,H,H
HETATM, DAR, A, 18,5.616,5.002,9.63,19.22,H,HA
HETATM, DAR, A, 18,6.895,4.124,11.293,22.8,H,HB2
HETATM, DAR, A, 18,6.128,2.735,11.211,22.8,H,HB3
HETATM, DAR, A, 18,5.5,3.972,13.115,31.28,H,HG2
HETATM, DAR, A, 18,4.252,3.673,12.177,31.28,H,HG3
HETATM, DAR, A, 18,4.202,5.877,12.912,37.43,H,HD2
HETATM, DAR, A, 18,4.366,5.832,11.332,37.43,H,HD3
HETATM, DAR, A, 18,6.376,6.701,11.552,42.97,H,HE
HETATM, DAR, A, 18,5.297,6.003,14.604,47.34,H,HH11
HETATM, DAR, A, 18,6.369,6.74,15.329,47.34,H,HH12
HETATM, DAR, A, 18,8.002,7.818,12.667,47.9,H,HH21
HETATM, DAR, A, 18,8.007,7.84,14.156,47.9,H,HH22
HETATM, DAL, A, 19,3.922,2.325,9.266,15.26,N,N
HETATM, DAL, A, 19,2.57,1.785,9.059,16.12,C,CA
HETATM, DAL, A, 19,2.624,0.269,8.947,17.47,C,CB
HETATM, DAL, A, 19,1.974,2.39,7.806,16.43,C,C
HETATM, DAL, A, 19,0.784,2.697,7.767,16.24,O,O
HETATM, DAL, A, 19,4.545,1.735,9.209,18.35,H,H
HETATM, DAL, A, 19,2.002,2.003,9.815,19.38,H,HA
HETATM, DAL, A, 19,1.725,-0.071,8.818,21.01,H,HB1
HETATM, DAL, A, 19,3.002,-0.095,9.763,21.01,H,HB2
HETATM, DAL, A, 19,3.18,0.028,8.189,21.01,H,HB3
HETATM, DGN, A, 20,2.789,2.567,6.777,17.9,N,N
HETATM, DGN, A, 20,2.334,3.147,5.516,18.68,C,CA
HETATM, DGN, A, 20,1.91,4.597,5.718,17.73,C,C
HETATM, DGN, A, 20,0.903,5.042,5.175,18.62,O,O
HETATM, DGN, A, 20,3.445,3.076,4.47,25.05,C,CB
HETATM, DGN, A, 20,2.996,2.567,3.113,33.16,C,CG
HETATM, DGN, A, 20,2.626,1.101,3.14,38.29,C,CD
HETATM, DGN, A, 20,3.478,0.241,3.366,40.75,O,OE1
HETATM, DGN, A, 20,1.348,0.805,2.911,40.44,N,NE2
HETATM, DGN, A, 20,3.623,2.357,6.781,21.52,H,H
HETATM, DGN, A, 20,1.573,2.645,5.187,22.45,H,HA
HETATM, DGN, A, 20,4.137,2.478,4.793,30.1,H,HB2
HETATM, DGN, A, 20,3.809,3.966,4.344,30.1,H,HB3
HETATM, DGN, A, 20,3.717,2.684,2.475,39.83,H,HG2
HETATM, DGN, A, 20,2.216,3.069,2.828,39.83,H,HG3
HETATM, DGN, A, 20,0.782,1.434,2.757,48.57,H,HE21
HETATM, DGN, A, 20,1.089,-0.015,2.915,48.57,H,HE22
HETATM, DAS, A, 21,2.702,5.328,6.486,17.39,N,N
HETATM, DAS, A, 21,2.686,5.317,6.512,18.12,N,N
HETATM, DAS, A, 21,2.37,6.711,6.808,17.24,C,CA
HETATM, DAS, A, 21,2.38,6.713,6.807,18.96,C,CA
HETATM, DAS, A, 21,1.034,6.743,7.541,16.29,C,C
HETATM, DAS, A, 21,1.09,6.799,7.619,18.35,C,C
HETATM, DAS, A, 21,0.198,7.607,7.293,15.21,O,O
HETATM, DAS, A, 21,0.336,7.763,7.506,19.99,O,O
HETATM, DAS, A, 21,3.455,7.344,7.682,18.42,C,CB
HETATM, DAS, A, 21,3.531,7.361,7.578,20.92,C,CB
HETATM, DAS, A, 21,4.752,7.578,6.932,20.85,C,CG
HETATM, DAS, A, 21,3.436,8.874,7.607,24.22,C,CG
HETATM, DAS, A, 21,4.752,7.492,5.689,20.07,O,OD1
HETATM, DAS, A, 21,3.083,9.466,6.567,25.23,O,OD1
HETATM, DAS, A, 21,5.77,7.838,7.598,22.35,O,OD2
HETATM, DAS, A, 21,3.719,9.467,8.669,26.38,O,OD2
HETATM, DAS, A, 21,3.438,5.049,6.833,20.9,H,H
HETATM, DAS, A, 21,3.398,5.023,6.894,21.78,H,H
HETATM, DAS, A, 21,2.311,7.237,5.995,20.72,H,HA
HETATM, DAS, A, 21,2.265,7.207,5.98,22.79,H,HA
HETATM, DAS, A, 21,3.643,6.754,8.429,22.14,H,HB2
HETATM, DAS, A, 21,4.37,7.12,7.155,25.15,H,HB2
HETATM, DAS, A, 21,3.139,8.201,8.008,22.14,H,HB3
HETATM, DAS, A, 21,3.517,7.041,8.494,25.15,H,HB3
HETATM, BF7, A, 22,0.849,5.788,8.434,15.86,N,N
HETATM, BF7, A, 22,-0.36,5.705,9.24,15.35,C,CA
HETATM, BF7, A, 22,-1.573,5.447,8.375,16.21,C,C
HETATM, BF7, A, 22,-2.651,6.081,8.6,16.75,O,O
HETATM, BF7, A, 22,-0.167,4.595,10.259,15.06,C,CB
HETATM, BF7, A, 22,-1.397,4.289,11.101,14.55,C,CG
HETATM, BF7, A, 22,-2.152,5.288,11.696,14.69,C,CD1
HETATM, BF7, A, 22,-1.762,2.957,11.267,15.62,C,CD2
HETATM, BF7, A, 22,-3.255,4.964,12.457,15.21,C,CE1
HETATM, BF7, A, 22,-2.852,2.629,12.03,15.38,C,CE2
HETATM, BF7, A, 22,-3.598,3.62,12.611,15.21,C,CZ
HETATM, BF7, A, 22,-5.128,3.114,13.705,17.55,BR,BR
HETATM, BF7, A, 22,1.508,6.118,8.911,19.07,H,H2
HETATM, BF7, A, 22,-0.514,6.549,9.694,18.46,H,HA
HETATM, BF7, A, 22,0.552,4.854,10.856,18.11,H,HB2
HETATM, BF7, A, 22,0.082,3.788,9.783,18.11,H,HB3
HETATM, BF7, A, 22,-1.913,6.179,11.581,17.67,H,HD1
HETATM, BF7, A, 22,-1.265,2.286,10.858,18.78,H,HD2
HETATM, BF7, A, 22,-3.763,5.631,12.86,18.29,H,HE1
HETATM, BF7, A, 22,-3.084,1.737,12.154,18.5,H,HE2
HETATM, DVA, A, 23,-1.488,4.571,7.387,15.35,N,N
HETATM, DVA, A, 23,-2.653,4.299,6.543,21.19,C,CA
HETATM, DVA, A, 23,-2.547,3.009,5.687,27.63,C,CB
HETATM, DVA, A, 23,-2.16,3.331,4.262,30.3,C,CG1
HETATM, DVA, A, 23,-1.602,1.999,6.31,28.01,C,CG2
HETATM, DVA, A, 23,-2.958,5.527,5.695,21.33,C,C
HETATM, DVA, A, 23,-4.09,5.791,5.382,21.65,O,O
HETATM, DVA, A, 23,-0.78,4.126,7.184,18.46,H,H
HETATM, DVA, A, 23,-3.402,4.122,7.133,25.46,H,HA
HETATM, DVA, A, 23,-3.423,2.594,5.662,33.2,H,HB
HETATM, DVA, A, 23,-1.864,2.518,3.824,36.4,H,HG11
HETATM, DVA, A, 23,-1.442,3.983,4.269,36.4,H,HG12
HETATM, DVA, A, 23,-2.932,3.694,3.8,36.4,H,HG13
HETATM, DVA, A, 23,-0.692,2.218,6.053,33.65,H,HG21
HETATM, DVA, A, 23,-1.832,1.113,5.989,33.65,H,HG22
HETATM, DVA, A, 23,-1.692,2.036,7.275,33.65,H,HG23
HETATM, DGN, A, 24,-1.932,6.276,5.342,21.08,N,N
HETATM, DGN, A, 24,-2.119,7.507,4.578,22.9,C,CA
HETATM, DGN, A, 24,-2.886,8.522,5.424,21.14,C,C
HETATM, DGN, A, 24,-3.787,9.185,4.949,22.1,O,O
HETATM, DGN, A, 24,-0.784,8.09,4.131,27.38,C,CB
HETATM, DGN, A, 24,-0.889,9.129,3.039,34.76,C,CG
HETATM, DGN, A, 24,-1.474,8.565,1.754,39.98,C,CD
HETATM, DGN, A, 24,-1.306,7.379,1.449,41.43,O,OE1
HETATM, DGN, A, 24,-2.176,9.407,1.001,42.74,N,NE2
HETATM, DGN, A, 24,-1.111,6.099,5.53,25.33,H,H
HETATM, DGN, A, 24,-2.624,7.316,3.773,27.52,H,HA
HETATM, DGN, A, 24,-0.229,7.368,3.796,32.89,H,HB2
HETATM, DGN, A, 24,-0.359,8.509,4.895,32.89,H,HB3
HETATM, DGN, A, 24,-0.003,9.471,2.841,41.75,H,HG2
HETATM, DGN, A, 24,-1.463,9.85,3.341,41.75,H,HG3
HETATM, DGN, A, 24,-2.279,10.224,1.251,51.33,H,HE21
HETATM, DGN, A, 24,-2.527,9.135,0.265,51.33,H,HE22
HETATM, DTR, A, 25,-2.515,8.605,6.697,19.9,N,N
HETATM, DTR, A, 25,-3.196,9.489,7.651,18.25,C,CA
HETATM, DTR, A, 25,-2.46,9.448,8.99,19.2,C,CB
HETATM, DTR, A, 25,-3.077,10.274,10.066,19.48,C,CG
HETATM, DTR, A, 25,-2.864,11.594,10.312,20.95,C,CD1
HETATM, DTR, A, 25,-3.603,11.99,11.39,22.24,N,NE1
HETATM, DTR, A, 25,-4.314,10.939,11.869,21.29,C,CE2
HETATM, DTR, A, 25,-5.205,10.854,12.936,21.83,C,CZ2
HETATM, DTR, A, 25,-5.772,9.633,13.188,22.13,C,CH2
HETATM, DTR, A, 25,-5.494,8.521,12.401,22.4,C,CZ3
HETATM, DTR, A, 25,-4.609,8.603,11.337,20.67,C,CE3
HETATM, DTR, A, 25,-4.015,9.829,11.056,19.92,C,CD2
HETATM, DTR, A, 25,-4.649,9.046,7.834,18.02,C,C
HETATM, DTR, A, 25,-5.553,9.885,7.943,19.97,O,O
HETATM, DTR, A, 25,-1.866,8.158,7.041,23.92,H,H
HETATM, DTR, A, 25,-3.196,10.402,7.325,21.94,H,HA
HETATM, DTR, A, 25,-1.556,9.772,8.855,23.08,H,HB2
HETATM, DTR, A, 25,-2.439,8.53,9.303,23.08,H,HB3
HETATM, DTR, A, 25,-2.3,12.146,9.82,25.18,H,HD1
HETATM, DTR, A, 25,-3.615,12.785,11.716,26.73,H,HE1
HETATM, DTR, A, 25,-5.408,11.597,13.456,26.23,H,HZ2
HETATM, DTR, A, 25,-6.358,9.546,13.905,26.59,H,HH2
HETATM, DTR, A, 25,-5.908,7.711,12.591,26.92,H,HZ3
HETATM, DTR, A, 25,-4.417,7.854,10.821,24.84,H,HE3
HETATM, DLE, A, 26,-4.892,7.745,7.859,18.29,N,N
HETATM, DLE, A, 26,-6.23,7.184,8.005,20.76,C,CA
HETATM, DLE, A, 26,-6.146,5.665,8.116,20.49,C,CB
HETATM, DLE, A, 26,-6.555,4.921,9.382,25.86,C,CG
HETATM, DLE, A, 26,-5.703,3.649,9.506,22.76,C,CD1
HETATM, DLE, A, 26,-6.483,5.724,10.648,24.45,C,CD2
HETATM, DLE, A, 26,-7.107,7.577,6.822,21.66,C,C
HETATM, DLE, A, 26,-8.329,7.697,6.967,20.7,O,O
HETATM, DLE, A, 26,-4.28,7.144,7.79,21.98,H,H
HETATM, DLE, A, 26,-6.641,7.526,8.814,24.95,H,HA
HETATM, DLE, A, 26,-5.219,5.425,7.961,24.63,H,HB2
HETATM, DLE, A, 26,-6.705,5.303,7.41,24.63,H,HB3
HETATM, DLE, A, 26,-7.496,4.706,9.291,31.07,H,HG
HETATM, DLE, A, 26,-6.018,3.13,10.263,27.35,H,HD11
HETATM, DLE, A, 26,-4.776,3.902,9.641,27.35,H,HD12
HETATM, DLE, A, 26,-5.789,3.131,8.691,27.35,H,HD13
HETATM, DLE, A, 26,-6.626,5.134,11.405,29.38,H,HD21
HETATM, DLE, A, 26,-7.17,6.409,10.627,29.38,H,HD22
HETATM, DLE, A, 26,-5.607,6.137,10.711,29.38,H,HD23
HETATM, MED, A, 27,-6.503,7.752,5.654,25.72,N,N
HETATM, MED, A, 27,-7.229,8.12,4.452,33.51,C,CA
HETATM, MED, A, 27,-7.317,9.632,4.3,38.34,C,C
HETATM, MED, A, 27,-8.271,10.155,3.722,38.03,O,O
HETATM, MED, A, 27,-6.541,7.54,3.211,37.29,C,CB
HETATM, MED, A, 27,-6.47,6.02,3.179,41.08,C,CG
HETATM, MED, A, 27,-5.842,5.381,1.607,45.12,S,SD
HETATM, MED, A, 27,-4.392,6.401,1.352,45.19,C,CE
HETATM, MED, A, 27,-5.656,7.663,5.532,30.9,H,H
HETATM, MED, A, 27,-8.123,7.749,4.517,40.25,H,HA
HETATM, MED, A, 27,-5.631,7.876,3.176,44.79,H,HB2
HETATM, MED, A, 27,-7.03,7.827,2.424,44.79,H,HB3
HETATM, MED, A, 27,-7.36,5.66,3.315,49.33,H,HG2
HETATM, MED, A, 27,-5.878,5.717,3.885,49.33,H,HG3
HETATM, MED, A, 27,-3.905,6.071,0.582,54.27,H,HE1
HETATM, MED, A, 27,-3.831,6.357,2.142,54.27,H,HE2
HETATM, MED, A, 27,-4.673,7.317,1.198,54.27,H,HE3
HETATM, DSG, A, 28,-6.314,10.334,4.814,44.53,N,N
HETATM, DSG, A, 28,-6.215,11.782,4.639,51.86,C,CA
HETATM, DSG, A, 28,-7.479,12.499,5.086,56.07,C,C
HETATM, DSG, A, 28,-8.194,12.034,5.976,56.24,O,O
HETATM, DSG, A, 28,-5.004,12.329,5.4,54.89,C,CB
HETATM, DSG, A, 28,-3.702,12.133,4.641,57.4,C,CG
HETATM, DSG, A, 28,-3.704,11.879,3.432,57.79,O,OD1
HETATM, DSG, A, 28,-2.581,12.256,5.348,58.1,N,ND2
HETATM, DSG, A, 28,-5.671,9.994,5.272,53.48,H,H
HETATM, DSG, A, 28,-6.096,11.968,3.695,62.27,H,HA
HETATM, DSG, A, 28,-4.929,11.869,6.25,65.91,H,HB2
HETATM, DSG, A, 28,-5.125,13.28,5.548,65.91,H,HB3
HETATM, DSG, A, 28,-1.818,12.154,4.964,69.76,H,HD21
HETATM, DSG, A, 28,-2.62,12.437,6.187,69.76,H,HD22
HETATM, DTH, A, 29,-7.745,13.634,4.452,60.29,N,N
HETATM, DTH, A, 29,-8.94,14.422,4.734,64.56,C,CA
HETATM, DTH, A, 29,-9.915,14.395,3.539,65.6,C,CB
HETATM, DTH, A, 29,-10.643,13.061,3.47,65.33,C,CG2
HETATM, DTH, A, 29,-9.186,14.605,2.321,66.75,O,OG1
HETATM, DTH, A, 29,-8.57,15.873,5.038,66.91,C,C
HETATM, DTH, A, 29,-7.392,16.232,5.085,67.77,O,O
HETATM, DTH, A, 29,-9.44,16.72,5.252,67.55,O,OXT
HETATM, DTH, A, 29,-7.242,13.976,3.843,72.39,H,H
HETATM, DTH, A, 29,-9.393,14.055,5.509,77.51,H,HA
HETATM, DTH, A, 29,-10.577,15.096,3.645,78.75,H,HB
HETATM, DTH, A, 29,-11.592,13.208,3.331,78.43,H,HG21
HETATM, DTH, A, 29,-10.519,12.572,4.299,78.43,H,HG22
HETATM, DTH, A, 29,-10.296,12.53,2.736,78.43,H,HG23
HETATM, DTH, A, 29,-8.746,15.318,2.369,80.14,H,HG1
HETATM, HOH, A, 101,0.946,10.437,7.065,39.95,O,O
HETATM, HOH, A, 102,7.408,-10.373,9.796,34.91,O,O
HETATM, HOH, A, 103,17.002,5.01,9.263,33.52,O,O
HETATM, HOH, A, 104,16.018,-4.187,15.622,49.32,O,O
HETATM, HOH, A, 105,10.8,6.508,7.825,47.36,O,O
HETATM, HOH, A, 106,7.076,0.222,3.461,43.82,O,O
HETATM, HOH, A, 107,8.104,7.682,6.232,41.6,O,O
HETATM, HOH, A, 108,14.524,-12.137,6.407,40.25,O,O
HETATM, HOH, A, 109,9.845,4.665,10.076,36.61,O,O
HETATM, HOH, A, 110,6.754,5.987,4.356,46.05,O,O
HETATM, HOH, A, 111,11.983,0.785,13.928,41.87,O,O
HETATM, HOH, A, 112,14.449,0.316,14.817,48.25,O,O
HETATM, HOH, A, 113,7.471,10.642,7.567,39.78,O,O
HETATM, HOH, A, 114,-0.069,3.804,2.189,43.24,O,O
HETATM, HOH, A, 115,-11.336,12.908,7.477,50.42,O,O
HETATM, HOH, A, 116,-11.314,10.958,8.216,46.04,O,O
HETATM, HOH, A, 117,17.04,7.658,7.192,33.92,O,O
HETATM, HOH, A, 118,8.513,-0.019,0.819,44.66,O,O
HETATM, HOH, A, 119,2.154,0.842,-2.332,40.57,O,O
HETATM, HOH, A, 120,-7.892,4.588,0.647,45.92,O,O
CONECT,3,8
CONECT,8,3,9,15
CONECT,9,8,10,13
CONECT,10,9,11,12
CONECT,11,10,18,19
CONECT,12,10,21
CONECT,13,9,14,22
CONECT,14,13
CONECT,15,8
CONECT,16,9
CONECT,17,10
CONECT,18,11
CONECT,19,11
CONECT,20,11
CONECT,21,12
CONECT,22,13,23,34
CONECT,23,22,24,26
CONECT,24,23,25,42
CONECT,25,24
CONECT,26,23,27,36
CONECT,27,26,28,29
CONECT,28,27,30,38
CONECT,29,27,31,39
CONECT,30,28,32,40
CONECT,31,29,32,41
CONECT,32,30,31,33
CONECT,33,32
CONECT,34,22
CONECT,35,23
CONECT,36,26
CONECT,37,26
CONECT,38,28
CONECT,39,29
CONECT,40,30
CONECT,41,31
CONECT,42,24,43,49
CONECT,43,42,44,47
CONECT,44,43,45,46
CONECT,45,44,52,53
CONECT,46,44,55
CONECT,47,43,48,56
CONECT,48,47
CONECT,49,42
CONECT,50,43
CONECT,51,44
CONECT,52,45
CONECT,53,45
CONECT,54,45
CONECT,55,46
CONECT,56,47,57,62
CONECT,57,56,58,60
CONECT,58,57,59,67
CONECT,59,58
CONECT,60,57,61,64
CONECT,61,60,66
CONECT,62,56
CONECT,63,57
CONECT,64,60
CONECT,65,60
CONECT,66,61
CONECT,67,58,68,75
CONECT,68,67,69,71
CONECT,69,68,70,79
CONECT,70,69
CONECT,71,68,72,77
CONECT,72,71,73,74
CONECT,73,72
CONECT,74,72
CONECT,75,67
CONECT,76,68
CONECT,77,71
CONECT,78,71
CONECT,79,69,80,91
CONECT,80,79,81,83
CONECT,81,80,82,100
CONECT,82,81
CONECT,83,80,84,93
CONECT,84,83,85,86
CONECT,85,84,87,95
CONECT,86,84,88,96
CONECT,87,85,89,97
CONECT,88,86,89,98
CONECT,89,87,88,90
CONECT,90,89,99
CONECT,91,79
CONECT,92,80
CONECT,93,83
CONECT,94,83
CONECT,95,85
CONECT,96,86
CONECT,97,87
CONECT,98,88
CONECT,99,90
CONECT,100,81,102,112
CONECT,101,81,103,113
CONECT,102,100,104,108
CONECT,103,101,105,109
CONECT,104,102,106,122
CONECT,105,103,107,122
CONECT,106,104
CONECT,107,105
CONECT,108,102,110,116
CONECT,109,103,111,117
CONECT,110,108,120
CONECT,111,109,121
CONECT,112,100
CONECT,113,101
CONECT,114,102
CONECT,115,103
CONECT,116,108
CONECT,117,109
CONECT,118,108
CONECT,119,109
CONECT,120,110
CONECT,121,111
CONECT,122,104,105,123
CONECT,123,122,124,126
CONECT,124,123,125,144
CONECT,125,124
CONECT,126,123,127,133
CONECT,127,126,128,135
CONECT,128,127,129,137
CONECT,129,128,130,139
CONECT,130,129,141,142
CONECT,131,122
CONECT,132,123
CONECT,133,126
CONECT,134,126
CONECT,135,127
CONECT,136,127
CONECT,137,128
CONECT,138,128
CONECT,139,129
CONECT,140,129
CONECT,141,130
CONECT,142,130
CONECT,144,124,145,156
CONECT,145,144,146,148
CONECT,146,145,147,165
CONECT,147,146
CONECT,148,145,149,158
CONECT,149,148,150,151
CONECT,150,149,152,160
CONECT,151,149,153,161
CONECT,152,150,154,162
CONECT,153,151,154,163
CONECT,154,152,153,155
CONECT,155,154,164
CONECT,156,144
CONECT,157,145
CONECT,158,148
CONECT,159,148
CONECT,160,150
CONECT,161,151
CONECT,162,152
CONECT,163,153
CONECT,164,155
CONECT,165,146,166,173
CONECT,166,165,167,171
CONECT,167,166,168,175
CONECT,168,167,169,170
CONECT,169,168,178,179
CONECT,170,168,181,182
CONECT,171,166,172,184
CONECT,172,171
CONECT,173,165
CONECT,174,166
CONECT,175,167
CONECT,176,167
CONECT,177,168
CONECT,178,169
CONECT,179,169
CONECT,180,169
CONECT,181,170
CONECT,182,170
CONECT,183,170
CONECT,184,171,185,192
CONECT,185,184,186,188
CONECT,186,185,187,196
CONECT,187,186
CONECT,188,185,189,194
CONECT,189,188,190,191
CONECT,190,189
CONECT,191,189
CONECT,192,184
CONECT,193,185
CONECT,194,188
CONECT,195,188
CONECT,196,186,198,208
CONECT,197,186,199,209
CONECT,198,196,200,204
CONECT,199,197,201,205
CONECT,200,198,202,218
CONECT,201,199,203,218
CONECT,202,200
CONECT,203,201
CONECT,204,198,206,212
CONECT,205,199,207,213
CONECT,206,204,216
CONECT,207,205,217
CONECT,208,196
CONECT,209,197
CONECT,210,198
CONECT,211,199
CONECT,212,204
CONECT,213,205
CONECT,214,204
CONECT,215,205
CONECT,216,206
CONECT,217,207
CONECT,218,200,201,219
CONECT,219,218,220,227
CONECT,220,219,221,231
CONECT,221,220,222,233
CONECT,222,221,223,235
CONECT,223,222,224,237
CONECT,224,223,225,226
CONECT,225,224,238,239
CONECT,226,224,240,241
CONECT,227,219,228,242
CONECT,228,227
CONECT,229,218
CONECT,230,219
CONECT,231,220
CONECT,232,220
CONECT,233,221
CONECT,234,221
CONECT,235,222
CONECT,236,222
CONECT,237,223
CONECT,238,225
CONECT,239,225
CONECT,240,226
CONECT,241,226
CONECT,242,227,243,253
CONECT,243,242,244,251
CONECT,244,243,245,255
CONECT,245,244,246,257
CONECT,246,245,247,259
CONECT,247,246,248,261
CONECT,248,247,249,250
CONECT,249,248,262,263
CONECT,250,248,264,265
CONECT,251,243,252,266
CONECT,252,251
CONECT,253,242
CONECT,254,243
CONECT,255,244
CONECT,256,244
CONECT,257,245
CONECT,258,245
CONECT,259,246
CONECT,260,246
CONECT,261,247
CONECT,262,249
CONECT,263,249
CONECT,264,250
CONECT,265,250
CONECT,266,251,267,271
CONECT,267,266,268,269
CONECT,268,267,273,274
CONECT,269,267,270,276
CONECT,270,269
CONECT,271,266
CONECT,272,267
CONECT,273,268
CONECT,274,268
CONECT,275,268
CONECT,276,269,277,285
CONECT,277,276,278,280
CONECT,278,277,279,293
CONECT,279,278
CONECT,280,277,281,287
CONECT,281,280,282,289
CONECT,282,281,283,284
CONECT,283,282
CONECT,284,282,291,292
CONECT,285,276
CONECT,286,277
CONECT,287,280
CONECT,288,280
CONECT,289,281
CONECT,290,281
CONECT,291,284
CONECT,292,284
CONECT,293,278,295,309
CONECT,294,278,296,310
CONECT,295,293,297,301
CONECT,296,294,298,302
CONECT,297,295,299,317
CONECT,298,296,300,317
CONECT,299,297
CONECT,300,298
CONECT,301,295,303,313
CONECT,302,296,304,314
CONECT,303,301,305,307
CONECT,304,302,306,308
CONECT,305,303
CONECT,306,304
CONECT,307,303
CONECT,308,304
CONECT,309,293
CONECT,310,294
CONECT,311,295
CONECT,312,296
CONECT,313,301
CONECT,314,302
CONECT,315,301
CONECT,316,302
CONECT,317,297,298,318
CONECT,318,317,319,321
CONECT,319,318,320,337
CONECT,320,319
CONECT,321,318,322,331
CONECT,322,321,323,324
CONECT,323,322,325,333
CONECT,324,322,326,334
CONECT,325,323,327,335
CONECT,326,324,327,336
CONECT,327,325,326,328
CONECT,328,327
CONECT,329,317
CONECT,330,318
CONECT,331,321
CONECT,332,321
CONECT,333,323
CONECT,334,324
CONECT,335,325
CONECT,336,326
CONECT,337,319,338,344
CONECT,338,337,339,342
CONECT,339,338,340,341
CONECT,340,339,347,348
CONECT,341,339,350,351
CONECT,342,338,343,353
CONECT,343,342
CONECT,344,337
CONECT,345,338
CONECT,346,339
CONECT,347,340
CONECT,348,340
CONECT,349,340
CONECT,350,341
CONECT,351,341
CONECT,352,341
CONECT,353,342,354,362
CONECT,354,353,355,357
CONECT,355,354,356,370
CONECT,356,355
CONECT,357,354,358,364
CONECT,358,357,359,366
CONECT,359,358,360,361
CONECT,360,359
CONECT,361,359,368,369
CONECT,362,353
CONECT,363,354
CONECT,364,357
CONECT,365,357
CONECT,366,358
CONECT,367,358
CONECT,368,361
CONECT,369,361
CONECT,370,355,371,384
CONECT,371,370,372,382
CONECT,372,371,373,386
CONECT,373,372,374,381
CONECT,374,373,375,388
CONECT,375,374,376,389
CONECT,376,375,377,381
CONECT,377,376,378,390
CONECT,378,377,379,391
CONECT,379,378,380,392
CONECT,380,379,381,393
CONECT,381,373,376,380
CONECT,382,371,383,394
CONECT,383,382
CONECT,384,370
CONECT,385,371
CONECT,386,372
CONECT,387,372
CONECT,388,374
CONECT,389,375
CONECT,390,377
CONECT,391,378
CONECT,392,379
CONECT,393,380
CONECT,394,382,395,402
CONECT,395,394,396,400
CONECT,396,395,397,404
CONECT,397,396,398,399
CONECT,398,397,407,408
CONECT,399,397,410,411
CONECT,400,395,401,413
CONECT,401,400
CONECT,402,394
CONECT,403,395
CONECT,404,396
CONECT,405,396
CONECT,406,397
CONECT,407,398
CONECT,408,398
CONECT,409,398
CONECT,410,399
CONECT,411,399
CONECT,412,399
CONECT,413,400,414,421
CONECT,414,413,415,417
CONECT,415,414,416,430
CONECT,416,415
CONECT,417,414,418,423
CONECT,418,417,419,425
CONECT,419,418,420
CONECT,420,419,427,428
CONECT,421,413
CONECT,422,414
CONECT,423,417
CONECT,424,417
CONECT,425,418
CONECT,426,418
CONECT,427,420
CONECT,428,420
CONECT,429,420
CONECT,430,415,431,438
CONECT,431,430,432,434
CONECT,432,431,433,444
CONECT,433,432
CONECT,434,431,435,440
CONECT,435,434,436,437
CONECT,436,435
CONECT,437,435,442,443
CONECT,438,430
CONECT,439,431
CONECT,440,434
CONECT,441,434
CONECT,442,437
CONECT,443,437
CONECT,444,432,445,452
CONECT,445,444,446,449
CONECT,446,445,447,448
CONECT,447,446,455,456
CONECT,448,446,458
CONECT,449,445,450,451
CONECT,450,449
CONECT,451,449
CONECT,452,444
CONECT,453,445
CONECT,454,446
CONECT,455,447
CONECT,456,447
CONECT,457,447
CONECT,458,448
